promo_code,url
50PGYMWM,https://www.amazon.com/promocode/AHM9QB59MVGMA
40X6RETR,https://www.amazon.com/promocode/AYDGUQ9H654HC
30HJ2XGJ,https://www.amazon.com/promocode/A20GQ1AJX9D4EU
50TSKBJW,https://www.amazon.com/promocode/AOC1Z92LYJXY0
45XHFTA9,https://www.amazon.com/promocode/A2XQOQ4WYAOJBM
45AX96BQ,https://www.amazon.com/promocode/A2NE7YVZ4CD16J
50XSXJOH,https://www.amazon.com/promocode/A1APMU45GKSTMV
60EZMEUN,https://www.amazon.com/promocode/A2QRH8VETFKS2Q
70HYPEKS,https://www.amazon.com/promocode/A2Q906DJ0IC9PQ
50MNCK5B,https://www.amazon.com/promocode/AF57HKB3KRMWD
70MOLP8O,https://www.amazon.com/promocode/A5R23ANNTG8JF
70UZCVW6,https://www.amazon.com/promocode/A3ET8KML8666OW
404DC9HH,https://www.amazon.com/promocode/AWHTVKNKSU1E1
70N7A364,https://www.amazon.com/promocode/A24NQMERNXEBPR
70I3E2XE,https://www.amazon.com/promocode/A2QQVVBVGPLED
40WPJDRY,https://www.amazon.com/promocode/A2EEJXDXXXET9
66NDHBP7,https://www.amazon.com/promocode/AT69FRUDWAOY0
803PD8WB,https://www.amazon.com/promocode/A2NG20SM1JZUGS
80IGT6T2,https://www.amazon.com/promocode/A13J3H5ECQ3ZV3
60KRGSE6,https://www.amazon.com/promocode/AZZEM2YGZHW4C
60S5Q4FC,https://www.amazon.com/promocode/AHUCI06PJBN7D
65TCYQ1Z,https://www.amazon.com/promocode/A2SYCRPP6WXJ7I
65NOHENF,https://www.amazon.com/promocode/A2VZBZF6PN567R
80CKVLXY,https://www.amazon.com/promocode/A3GYN160FNDNRY
80TXCJED,https://www.amazon.com/promocode/A2CIMFPZKZ5MBZ
80V5TEFU,https://www.amazon.com/promocode/A2DC9ECIJTMGE6
80EUYTWT,https://www.amazon.com/promocode/A2VDPLBEXFW7SH
80AR6JIY,https://www.amazon.com/promocode/A1GPVCIYJ1S85H
80E5ZV64,https://www.amazon.com/promocode/A2EOUKRO64JEMC
20QWP4KT,https://www.amazon.com/promocode/A2VFUPD1XNMDCI
806BMSQY,https://www.amazon.com/promocode/A5NLD2XU5XKWV
809K4LS3,https://www.amazon.com/promocode/A1UJJFB756KD4M
80UAGGAC,https://www.amazon.com/promocode/A97S1KL9M3GM2
80Q8HHM2,https://www.amazon.com/promocode/A3DCN64W2RDJRV
151K8R32,https://www.amazon.com/promocode/A1KY73DZCGMW45
80RDJR6K,https://www.amazon.com/promocode/AYKYTTHVECVCB
805MVI17,https://www.amazon.com/promocode/A33M8PATR63SAM
50FEB2021,https://www.amazon.com/promocode/A2GNDUVRSHYN2Z
80J5WDSW,https://www.amazon.com/promocode/A30EB4W3AJ10ZD
80A6LR51,https://www.amazon.com/promocode/A1AU6ZNM0D4L8P
809JKEIG,https://www.amazon.com/promocode/AYN83XIF6J6JA
80VQNQ7M,https://www.amazon.com/promocode/AUCR9O1P1GJA8
80WMNZZT,https://www.amazon.com/promocode/AX6V54182VPTK
80OOYK9C,https://www.amazon.com/promocode/A3A4CSPGBQ1VCP
80O8WW3J,https://www.amazon.com/promocode/ASWF1ULL738Z0
80T41JF1,https://www.amazon.com/promocode/AYRSLQIQO3X1P
802OF6AP,https://www.amazon.com/promocode/A13LWX5NBGQTGX
80UE4QUT,https://www.amazon.com/promocode/A3CRDL0V5YQTWR
80RJNW4D,https://www.amazon.com/promocode/A1I6OW6F3X5NGW
80T9ZZO4,https://www.amazon.com/promocode/A3RGZAO4M9T1U4
805U2P9G,https://www.amazon.com/promocode/A132U5ZHBUC19D
45W1O5G1,https://www.amazon.com/promocode/A1PMUPXQZXPZS2
808ANCGD,https://www.amazon.com/promocode/A1RUYHF52I58TO
80Y3JPIO,https://www.amazon.com/promocode/A379PAXTMOWR8K
809W827C,https://www.amazon.com/promocode/A2TO4F08916BV2
80XD6O8Z,https://www.amazon.com/promocode/A1NMV2RXTPBVM2
80RRZCN7,https://www.amazon.com/promocode/A23YRLXUVE1HEL
80C56GGV,https://www.amazon.com/promocode/A30WJZ25NT1UEI
80YVZNEX,https://www.amazon.com/promocode/A3TJ2OZ3Z9OE0P
80VD726E,https://www.amazon.com/promocode/AZEOUW039GJL
80TQP4IR,https://www.amazon.com/promocode/A4YHAR6DRGESY
80KH3IH6,https://www.amazon.com/promocode/A2IGXB17MQA95Z
80YPW1R6,https://www.amazon.com/promocode/A3JF1Y3H7QDMO4
808J9CZ5,https://www.amazon.com/promocode/A1XXRUTVF5CBP6
80FYK9X8,https://www.amazon.com/promocode/A44JKODRWWYC1
80BZIGOI,https://www.amazon.com/promocode/A33Z1NYE71DDNP
80XFVLT9,https://www.amazon.com/promocode/A39BLIGHFNX5T
80R3BWW1,https://www.amazon.com/promocode/A2VE2THXTRTWRQ
50UPQK9W,https://www.amazon.com/promocode/A2RD9P2D2KETGZ
80PBLH81,https://www.amazon.com/promocode/A2FDFJRTBZ8LYD
80CO9SZJ,https://www.amazon.com/promocode/A3DW4GDIC9VY1R
80M41AI2,https://www.amazon.com/promocode/A1BV4354V8C3SH
70N2C1Q5,https://www.amazon.com/promocode/AM8ZXMXC112PQ
80T1E9MC,https://www.amazon.com/promocode/A3F5UVVJDZRPOJ
809MYPSA,https://www.amazon.com/promocode/A2TJQ26XDAAHF8
45UJW1XY,https://www.amazon.com/promocode/A2YPZN955J3NBW
70QQW8RO,https://www.amazon.com/promocode/A3PAXHCDHUFFBL
706YRIQO,https://www.amazon.com/promocode/AU35NFSSFZRPG
80VZ9EZX,https://www.amazon.com/promocode/A2WWWTXORMEPI
80Y74TOZ,https://www.amazon.com/promocode/A1JC44GFWPHHRF
20L59Y6H,https://www.amazon.com/promocode/A4B0BHKEODKRK
708D6YGP,https://www.amazon.com/promocode/A2SBJB86G9E2HP
80MZWUFW,https://www.amazon.com/promocode/A3J2TX888VTN78
80RCON9U,https://www.amazon.com/promocode/A1BNDYFN2HW80V
50DIWXS9,https://www.amazon.com/promocode/A33RFUDXEG2CZR
80K57OXP,https://www.amazon.com/promocode/A36AHL0DNH88RI
70755XWR,https://www.amazon.com/promocode/A1614OYVISR2NV
40HR9B4W,https://www.amazon.com/promocode/A2CDOPK9SMXS27
80LG8167,https://www.amazon.com/promocode/A30FTTSISBP4A0
80ZQN9HP,https://www.amazon.com/promocode/A1RLWXQVPRDQ70
80VOG754,https://www.amazon.com/promocode/A1PFCZJOQERPG5
80WOFFZA,https://www.amazon.com/promocode/AQG4FDENU5NFB
80Y5W7DO,https://www.amazon.com/promocode/A3KR4QYATE0WPZ
80TSM3Z1,https://www.amazon.com/promocode/A15POUGIZQ3WS4
80OBTIEG,https://www.amazon.com/promocode/A3SPIQCUOFOXS
807FMLDF,https://www.amazon.com/promocode/A3JC7VE5LI864H
80O6YWCH,https://www.amazon.com/promocode/AQRUTL8FPV4MO
80SN3E6P,https://www.amazon.com/promocode/A19S0P74T8ZVQP
80EDBHAZ,https://www.amazon.com/promocode/A3U31WD78V89LR
60HUWOVJ,https://www.amazon.com/promocode/A3CTYLFOR565JV
80KHAIZN,https://www.amazon.com/promocode/AC4TEI5BDQXRA
80XPGTAI,https://www.amazon.com/promocode/A2AEISI2M01AWN
80OHR9EM,https://www.amazon.com/promocode/A399C4WMKWAYQ0
80CA61TL,https://www.amazon.com/promocode/AKTYL1HRT1BCG
80LBGPXN,https://www.amazon.com/promocode/A294KESQI3PCDE
80YLFKZC,https://www.amazon.com/promocode/ATR41DO8PJJ55
805LBSQA,https://www.amazon.com/promocode/A3E91RVVJXWP02
80V47OP8,https://www.amazon.com/promocode/A3IOIZHOCHGA9D
80X7M1HL,https://www.amazon.com/promocode/ARURQ7LZLR9UR
80TJ9G5Q,https://www.amazon.com/promocode/A2RZ74CT7KHFC5
80CCV9WG,https://www.amazon.com/promocode/A1UL3H33P4QESB
502BHVRO,https://www.amazon.com/promocode/A1UXDGKDG2YA7H
80NOKDZC,https://www.amazon.com/promocode/A37GQE9E6MRV49
70IGRG9Y,https://www.amazon.com/promocode/A2GC78E7PQMND4
70HYWVKX,https://www.amazon.com/promocode/A16ILW4JFKTEI1
70NNNFEZ,https://www.amazon.com/promocode/ADSLYXOMWKJRK
15HVOCZ9,https://www.amazon.com/promocode/A1ISDWPS766705
15HTDS58,https://www.amazon.com/promocode/A314YV898SCR04
15SNAVY7,https://www.amazon.com/promocode/A3DG8SBV09YW5P
15VTMAZP,https://www.amazon.com/promocode/AVMUG5OPY4NGH
15U93GLV,https://www.amazon.com/promocode/AOPBPFFYWFIMJ
40PIV7BK,https://www.amazon.com/promocode/A3AOSP6F1LQQ1T
153NLACW,https://www.amazon.com/promocode/A335ZLFC3CZSOP
4031S3GP,https://www.amazon.com/promocode/ANBOE6CEULSPR
15UX1VKC,https://www.amazon.com/promocode/AS6WH0ZYKW63R
15NTV657,https://www.amazon.com/promocode/A303F74F61QP71
15XQTDZV,https://www.amazon.com/promocode/ATFHK9RLTPKER
40U183IU,https://www.amazon.com/promocode/A1FSNGLDNW25PT
409XQUYJ,https://www.amazon.com/promocode/A2KWTLOUFPEE3E
15RTD5ZU,https://www.amazon.com/promocode/A3DZ2KROEOWY7N
154IIZ5F,https://www.amazon.com/promocode/A2IUE52A8GE2BB
70BI3PCS,https://www.amazon.com/promocode/A1QVZFQSUB2FWT
15JEHQBY,https://www.amazon.com/promocode/A285YRPO3KEYQ2
50Q2C2F3,https://www.amazon.com/promocode/A3TS05Q4CB2BI3
708IAPOZ,https://www.amazon.com/promocode/A2Q0LBV4GH3V7O
15IQ1LNB,https://www.amazon.com/promocode/A3KX6ZG6XH6HX1
70IJ5T8U,https://www.amazon.com/promocode/A335ROQECKUD59
70UWHNUO,https://www.amazon.com/promocode/A2GF3F3LE0E7Q4
15EESY2W,https://www.amazon.com/promocode/A1XK08FTF1MC1Y
70IID6BG,https://www.amazon.com/promocode/A378S52TK6G7QC
60N7RQZZ,https://www.amazon.com/promocode/A18RE6VH1P0X2Q
60VEZ6ZH,https://www.amazon.com/promocode/A26PH1XXIXHFDJ
70YDC5BH,https://www.amazon.com/promocode/AUVXOEG0VMUPP
15Y2WLCF,https://www.amazon.com/promocode/A10WW87ILEZ5RE
70SXXNGU,https://www.amazon.com/promocode/A1RPOUK9RDRCQF
40HFYMDM,https://www.amazon.com/promocode/A3OO9ZUFPATO8K
151OQI35,https://www.amazon.com/promocode/A6KXDUQ3Y4CAW
70L4OLO3,https://www.amazon.com/promocode/A14SSESG3BIK01
70AS5IFW,https://www.amazon.com/promocode/A2IRENE2ZOENLF
15OUV3PK,https://www.amazon.com/promocode/A11L5RE109ZRZR
15EMIL47,https://www.amazon.com/promocode/A3NCD05S9PIJIS
15XL4XXX,https://www.amazon.com/promocode/A1CGIS4YQAJ3WI
15GCVPSO,https://www.amazon.com/promocode/A1MN7K1W87OSZT
50FSDWLL,https://www.amazon.com/promocode/A3UT5X0R6DFVRD
70IBIZUN,https://www.amazon.com/promocode/A2XM1LC3SV4LLB
60NLC4RS,https://www.amazon.com/promocode/A7ZYE3NZXV41N
60W3JLOX,https://www.amazon.com/promocode/A19ZD6D89ODG8S
60Q57LOG,https://www.amazon.com/promocode/AIFZBRHFZ78D4
40KZFYRW,https://www.amazon.com/promocode/A2B0FYVJYXHUN4
79Z2KPLQ,https://www.amazon.com/promocode/A1YYLK6OABU40C
79OBRZ34,https://www.amazon.com/promocode/AZMJ1FFWO6HU
80AAK1TL,https://www.amazon.com/promocode/A13K5YMRVK7E9R
30ZSQW5L,https://www.amazon.com/promocode/AO5WPCQ0I0R70
55VQ2L2A,https://www.amazon.com/promocode/A1ARBIMP86EYDB
506W2HVU,https://www.amazon.com/promocode/A27BLN2MM9KISS
50H6QQA5,https://www.amazon.com/promocode/A25EYWNKXJ5BGJ
40MN8UPS,https://www.amazon.com/promocode/A1TB5UXYRFK8F
50K1A3Y2,https://www.amazon.com/promocode/A3LS846U1NCD7F
5057YEQR,https://www.amazon.com/promocode/A1DVWD09E03CTX
80E5T3UW,https://www.amazon.com/promocode/ADYW0Q6O6Z1GO
80EABZKQ,https://www.amazon.com/promocode/A3UWKRW5HKDGST
807TTJOV,https://www.amazon.com/promocode/A3DGPVGJZDIYJF
50CLMLJK,https://www.amazon.com/promocode/A2NWC8K01ENYI2
60AMAZON3PPS,https://www.amazon.com/promocode/A1E6GI41ANJM7D
50M137E9,https://www.amazon.com/promocode/A3B8U5C8TOZHM5
50I4FTTN,https://www.amazon.com/promocode/A1VP2S7BZDGQMM
50RJJXTO,https://www.amazon.com/promocode/A36U4V05JA7CS8
70AMAZONAHTH,https://www.amazon.com/promocode/A3JM3BAM2OM980
8052IRXK,https://www.amazon.com/promocode/AFC64O76FJQKC
801OJPEC,https://www.amazon.com/promocode/A27ZXJO8DT9CER
80I7UPXE,https://www.amazon.com/promocode/A2EQHXHNJTSQ5O
80SL8DWC,https://www.amazon.com/promocode/A3SDZBZUZCDNP3
80VNEJCP,https://www.amazon.com/promocode/ACVP083T5VZTK
80ES1NQG,https://www.amazon.com/promocode/A25J0WRHWR5S63
50E3U66G,https://www.amazon.com/promocode/ASN1HCXAVXKRK
661SMTGP,https://www.amazon.com/promocode/A3GXXOVMVJ70MI
80KK69WL,https://www.amazon.com/promocode/A2P05U6EUS7XPF
80ZPDWP5,https://www.amazon.com/promocode/A8QX3O7RBCBXX
806HA1VC,https://www.amazon.com/promocode/A1BFYARFUMQHZT
8064UHLZ,https://www.amazon.com/promocode/A37L19DEP8TPYA
80JFL1IM,https://www.amazon.com/promocode/A3KEZXYUNOHA28
58VPULRG,https://www.amazon.com/promocode/AWAN7782YIM8P
804RJ56R,https://www.amazon.com/promocode/A1K7SF6WSBOTCQ
80L9WK1J,https://www.amazon.com/promocode/AB5W3PFWOZ4VQ
80ENZSNN,https://www.amazon.com/promocode/A1Y2T6740JVLY7
80MD6DE5,https://www.amazon.com/promocode/A3OHTD4UWE2EO2
80T1DRF8,https://www.amazon.com/promocode/A10TBENFOHREHT
80EGG2FZ,https://www.amazon.com/promocode/A38A71ECLV8JP2
80DB5C1P,https://www.amazon.com/promocode/A1KJXK3TKCRMZ0
80J6G1Z7,https://www.amazon.com/promocode/A2PICGX481U0GL
80Q62QZ9,https://www.amazon.com/promocode/A1VDEXL0YAAZHM
80B5PNUX,https://www.amazon.com/promocode/A24BOTXUU963SS
80M9KD2M,https://www.amazon.com/promocode/A3UIS970C6OVDD
80O4BSVG,https://www.amazon.com/promocode/A2VEKV5PK33R3U
80YWJ9OQ,https://www.amazon.com/promocode/A23SLOF912HBRU
80FDSW82,https://www.amazon.com/promocode/A2Z9B9DREXNY6B
80K9TU6H,https://www.amazon.com/promocode/A32JZP7KWWO7NZ
80ELYQSK,https://www.amazon.com/promocode/A37V7QALFLLGB7
80O5K5IJ,https://www.amazon.com/promocode/AM2XN4FPC5RL9
80JPIXG4,https://www.amazon.com/promocode/A1WABPX9PMLW80
80DXKV5U,https://www.amazon.com/promocode/A1XCDIL6Y0FK0K
80FSJY87,https://www.amazon.com/promocode/A1LYSGI8V3LM4K
80RGS9OP,https://www.amazon.com/promocode/A382XUV240W0AO
80WEY3UP,https://www.amazon.com/promocode/A1SSDMPKV7C4TK
80MKXQJO,https://www.amazon.com/promocode/A10ISFAX3ALQZ3
804DQFDO,https://www.amazon.com/promocode/ARE2MF2K20GE1
80CY3DB8,https://www.amazon.com/promocode/A2QRJ89PJ9P5FS
80TCOS1L,https://www.amazon.com/promocode/AP78IV1NS8Y7Y
8077TP5F,https://www.amazon.com/promocode/A3RWT854T6QRFK
80ZWZH7I,https://www.amazon.com/promocode/AW3QRONAUJ05K
8035QC9O,https://www.amazon.com/promocode/AJWARXDW4EO68
802WRUVA,https://www.amazon.com/promocode/A2DA8KEZC12O03
802I7QYZ,https://www.amazon.com/promocode/A2OQDEF42GTFPU
802DFXON,https://www.amazon.com/promocode/ANAPP7I0LWPYX
80SCUG43,https://www.amazon.com/promocode/A1AZDA8O96S9IK
80D2KX94,https://www.amazon.com/promocode/A1G37GX9V4728C
80AQIKXT,https://www.amazon.com/promocode/AGTHXNT005KZ7
8073D2ML,https://www.amazon.com/promocode/A3KMDWQ3E1D1FP
80L967YP,https://www.amazon.com/promocode/AG4ETW318T6L9
80X1GXZQ,https://www.amazon.com/promocode/A3LYXCNRZ7QBRZ
80AOU2VP,https://www.amazon.com/promocode/AAYWYE4B4L36N
802FYOJQ,https://www.amazon.com/promocode/A7IDACTEG8UE9
50MEXY8A,https://www.amazon.com/promocode/AVWXULQZZSS21
80DTBZYO,https://www.amazon.com/promocode/AI1248R5BL57J
80PH6UAK,https://www.amazon.com/promocode/A30LYCKITX4V87
80RVNWUT,https://www.amazon.com/promocode/AG9AURGS4FSD7
80UUOMTE,https://www.amazon.com/promocode/A2Y2GK7KDDASOE
80HEL5M4,https://www.amazon.com/promocode/A2Q6DFRI94HN1T
80UFY5J8,https://www.amazon.com/promocode/A1X6DGF9Y1ZB4L
808DXQSO,https://www.amazon.com/promocode/A1P7YYQRMXN32V
80IMPWJL,https://www.amazon.com/promocode/A2BC0RJPF2RP15
80BRTAYR,https://www.amazon.com/promocode/A3PRU8NPKZT3US
808TK5WH,https://www.amazon.com/promocode/A33E1LMJY25VQT
80U5TEVJ,https://www.amazon.com/promocode/A2ALT1P24QAMJL
80WCHDUW,https://www.amazon.com/promocode/A6VJC5JLUY6NH
80Y729LS,https://www.amazon.com/promocode/A3QSLMTK9KK1NK
803WXHAQ,https://www.amazon.com/promocode/A17RG8UB16H26R
80YEIGPH,https://www.amazon.com/promocode/A1SECVDWQDCYE8
80VRBB5G,https://www.amazon.com/promocode/A12KZC0GQ5RRB2
80YE9PRV,https://www.amazon.com/promocode/A2R45B5W47WGAU
80TNX75I,https://www.amazon.com/promocode/A22JVZYCNZQGX7
80UQX6GX,https://www.amazon.com/promocode/A2WY5KLSNT21RE
80HELWNK,https://www.amazon.com/promocode/AJ8ZDWU8M36BJ
80W3DH4Z,https://www.amazon.com/promocode/A2GYRSCW4R7VZY
80APW17A,https://www.amazon.com/promocode/A192YDWTWDV8W3
808MC19F,https://www.amazon.com/promocode/A1FLL3YEXD9LC6
80F7Q853,https://www.amazon.com/promocode/AU7TMWX51SGLU
80Q7TDLI,https://www.amazon.com/promocode/A2G48VIYYX1RVX
8049DJ5C,https://www.amazon.com/promocode/AAC520RPL5C2
80QX86R1,https://www.amazon.com/promocode/A2Y9YIA0FTURVE
809FKDXG,https://www.amazon.com/promocode/AAJEP1QZSBLNI
7099JPMI,https://www.amazon.com/promocode/A2J9BI8OVBUUVF
706TNHWU,https://www.amazon.com/promocode/A1R6G6O7CECO7C
7099FGBZ,https://www.amazon.com/promocode/A3IQPFZPVF0WBF
80TG1GKU,https://www.amazon.com/promocode/A3IBTO4NEP0T49
70FWDFKY,https://www.amazon.com/promocode/A3OB5VPQB3AFDZ
7025CUCW,https://www.amazon.com/promocode/A2IS33HBMUIC3H
70LYSIXJ,https://www.amazon.com/promocode/A3S26W9LZGP21T
707XMF7J,https://www.amazon.com/promocode/A27CJSE4XOFT9U
70GNUFCN,https://www.amazon.com/promocode/A1FR3B4UT2KWPF
80Q9CCDV,https://www.amazon.com/promocode/A1MCRBHL6KEOP9
70N1PFQD,https://www.amazon.com/promocode/A1UINCITDDSG0E
701UJFJH,https://www.amazon.com/promocode/AAWHLEDG7PRQL
80LQ3ANC,https://www.amazon.com/promocode/A29VY51A6T1T93
80885HUE,https://www.amazon.com/promocode/A2PXVYQ2LZ7BIF
80RFI6F7,https://www.amazon.com/promocode/A209NPT9NGJ6PY
70ZM3QNI,https://www.amazon.com/promocode/A8VHYS04UR1JH
70DW33C9,https://www.amazon.com/promocode/AO6JI9DYZ4UK2
70R74912,https://www.amazon.com/promocode/A1TCI36V9DQQ8H
70BHI98A,https://www.amazon.com/promocode/A27CXYSSYSQTXM
70F23G51,https://www.amazon.com/promocode/AMR59ITXC7QA6
70U4SC6X,https://www.amazon.com/promocode/A2Y6NNVSMZB2WE
70Q8HCE1,https://www.amazon.com/promocode/A22G4YJXYR8CCC
704LC6ZC,https://www.amazon.com/promocode/A2QMMO0CA8OGWE
80HOE9BX,https://www.amazon.com/promocode/A1P7MU3RSXPVXW
70QYSMSB,https://www.amazon.com/promocode/ARUO8BD4JB60M
70SZO8XX,https://www.amazon.com/promocode/A35P27RTXJHS8W
70VWQA6B,https://www.amazon.com/promocode/A2TB6GUT6EUZFU
70OZXYTY,https://www.amazon.com/promocode/A2MZN3RKPJ193E
70OB7TJW,https://www.amazon.com/promocode/A18Z03U6QR6QVN
70RWLPUB,https://www.amazon.com/promocode/A1J1HSF9ANQV5Y
70GCAXBL,https://www.amazon.com/promocode/AXLWKHW05505L
70TPSD6C,https://www.amazon.com/promocode/A32S138C6WQ2ZW
7054DSWM,https://www.amazon.com/promocode/AZSL4NCBB9VWP
70CRKJCW,https://www.amazon.com/promocode/A3BIMYY5Y3I6Q9
80W3VGD7,https://www.amazon.com/promocode/A1R9QI4XFB5OPU
80L32JVX,https://www.amazon.com/promocode/A2B1QEIXYVG7W6
80X6KPBX,https://www.amazon.com/promocode/A30Q2AH6XOC9DC
80VFBC6H,https://www.amazon.com/promocode/A3KXEO0EF1M74W
8033H6YN,https://www.amazon.com/promocode/A3L5EX9X1XC2PU
8062JTXC,https://www.amazon.com/promocode/A2EPPX3DQN7S2R
80LBEVGE,https://www.amazon.com/promocode/AW86KW4WYRICF
807NPQLX,https://www.amazon.com/promocode/A34VISDK9F5WNN
80XDNDIS,https://www.amazon.com/promocode/ATHRQAT8IFG7J
809PLOL6,https://www.amazon.com/promocode/A23G4OWDGQBCB6
80REH1JD,https://www.amazon.com/promocode/A2SWTMWSGNYGJ2
80JSSIVZ,https://www.amazon.com/promocode/A231LZEILH5Q8A
805TV6AX,https://www.amazon.com/promocode/A3B4X8U57CAKBU
80BOPN7J,https://www.amazon.com/promocode/A23TLBYS1176IQ
80ZDPBRJ,https://www.amazon.com/promocode/A2Z4JGOVOZ5QHY
801AC5NS,https://www.amazon.com/promocode/A2X8HP6L0NQWJJ
807JJE1Y,https://www.amazon.com/promocode/AH4AWQHX6SJH0
80X91PL1,https://www.amazon.com/promocode/A11YGY6VTWJXIC
808SG2JM,https://www.amazon.com/promocode/A1H2YPSAHMK47M
80BJSJJV,https://www.amazon.com/promocode/ARA2SXKH9JJ47
80ZW5B2W,https://www.amazon.com/promocode/A3K8Q8SGFU1I05
80MNX4ND,https://www.amazon.com/promocode/A3IIJ0U3RE07YF
80TFA6LX,https://www.amazon.com/promocode/A9HWHTGTTLMYJ
805R5FKR,https://www.amazon.com/promocode/A3264YB01FNSZ8
70V4W9NJ,https://www.amazon.com/promocode/A12YWQ3NAO7UUO
604OF5SK,https://www.amazon.com/promocode/ADRG3ZPZF02H3
70NAN9K8,https://www.amazon.com/promocode/A1IEJS0SRYK235
70NQVQGL,https://www.amazon.com/promocode/A2R9HLAARAWPIE
80RUIW87,https://www.amazon.com/promocode/A10AH8YZD7RDJI
70B5Z3AK,https://www.amazon.com/promocode/A29AT2GMXYTIT2
70MYG71R,https://www.amazon.com/promocode/A4JO1G3D5AB7F
70XY2D2P,https://www.amazon.com/promocode/A7JELLPT1752M
701NIKZB,https://www.amazon.com/promocode/A32EXIMXEFQAAA
80MUZYQ6,https://www.amazon.com/promocode/A1R0LBMWV82ZA4
50KLG3WW,https://www.amazon.com/promocode/AWVVRT41G4D5K
55WOGDR8,https://www.amazon.com/promocode/A3OG6LGXMROGYT
50TTWOTN,https://www.amazon.com/promocode/A1HBV3KFWK79XF
80P8SAKE,https://www.amazon.com/promocode/A1ARSKXD4K65XQ
80GGE4KC,https://www.amazon.com/promocode/A4LYKAHNLZC68
805193JY,https://www.amazon.com/promocode/AKGJ1RW3R8ZHS
80H12AQF,https://www.amazon.com/promocode/ASBK3BXAXSH4M
80Q4YW4H,https://www.amazon.com/promocode/ALZ3X2BG2CQFH
30DVGQFI,https://www.amazon.com/promocode/A1NALKL87YK656
808YBGGG,https://www.amazon.com/promocode/A1Q3I5PTD0QTXT
80VZ7GC7,https://www.amazon.com/promocode/A1XJ1RHBB79ATB
55LT4I4W,https://www.amazon.com/promocode/A13ARMYRCFUAPR
80JUFFRW,https://www.amazon.com/promocode/A2IR1ZMZF942MX
40BQ1DF2,https://www.amazon.com/promocode/A1XIO4N2HGAJLM
505RGUC5,https://www.amazon.com/promocode/A1U5F3BHAAQDZY
50W2BMI2,https://www.amazon.com/promocode/A3QW3UG5TLV3I6
554VUUR3,https://www.amazon.com/promocode/A3U5N8EQU5AFIJ
80WZLNGE,https://www.amazon.com/promocode/A2T4VT6U0N077V
755RZ3C2,https://www.amazon.com/promocode/ACUTQZEVQFQN7
80RZX25L,https://www.amazon.com/promocode/ARPRYRF403C7L
5598YQQY,https://www.amazon.com/promocode/AR85TCYQM2QB
807PB88E,https://www.amazon.com/promocode/A2PVOXOG24C89M
80OLD5NG,https://www.amazon.com/promocode/A2DGZ1YEEZ6FCT
80JXWZHM,https://www.amazon.com/promocode/A1B4G6TN2GQK3O
45V6OLOO,https://www.amazon.com/promocode/A2K4WQV6TKACHB
45JTWI3B,https://www.amazon.com/promocode/A2NJDCFXEKUEL9
509YSR7F,https://www.amazon.com/promocode/AAE02658TGCJV
80OMB67X,https://www.amazon.com/promocode/A2US2Q7YRRCERD
80GIPFR8,https://www.amazon.com/promocode/A34BL72O23745Q
80EPAR85,https://www.amazon.com/promocode/AJIQDS67RF7M5
80PA4AHK,https://www.amazon.com/promocode/A353WWSIQQYAVX
80O5FCDZ,https://www.amazon.com/promocode/A2NHO415W3S1JG
50GVOO57,https://www.amazon.com/promocode/A2MEQWRC7SL52P
6049W4OJ,https://www.amazon.com/promocode/A2703XS571PS73
6098OFY6,https://www.amazon.com/promocode/A2620UDZ3FVT51
35286SMO,https://www.amazon.com/promocode/A303R081QQG9XA
80JC5CVK,https://www.amazon.com/promocode/A1L0ODZQ3DNLSG
60SHWRG3,https://www.amazon.com/promocode/A3F58DVWG3XTC0
40LNA7W2,https://www.amazon.com/promocode/A1ZLDF12ODYKVW
50KOBX88,https://www.amazon.com/promocode/A2LZ55779LY0EB
51Y3WO3Q,https://www.amazon.com/promocode/A2ELKX8VYVF3DN
80ZVG7W8,https://www.amazon.com/promocode/A2TXH0J8UF42EG
40ICVIRC,https://www.amazon.com/promocode/AIFL1Z0KC8A9I
383UOZN4,https://www.amazon.com/promocode/A13G1LR01SO28N
50D2HV29,https://www.amazon.com/promocode/A38615IR2A2VO3
50SH8K12,https://www.amazon.com/promocode/A2HWZF8ZF2IEM2
80AIOURW,https://www.amazon.com/promocode/A2V8U54RW5TH19
30OX5MWF,https://www.amazon.com/promocode/A3QLXQSK7ZGGGA
80YOC5YZ,https://www.amazon.com/promocode/A3TR8EN8VB6AD8
303LPFYO,https://www.amazon.com/promocode/A1ZAFA527QALND
50UMX93P,https://www.amazon.com/promocode/A3JTN1FHSNW4UR
30YMAA8S,https://www.amazon.com/promocode/AD7FQXQ85ZO1T
30R77YVI,https://www.amazon.com/promocode/A18NAKRV86CBDY
15LI1DND,https://www.amazon.com/promocode/AOBLGJJXH6777
80RWDUKJ,https://www.amazon.com/promocode/ACXCDJMHGBZJM
80ONC988,https://www.amazon.com/promocode/ACKGTYG2OJKCW
50QFOY2V,https://www.amazon.com/promocode/A1RJO6S7JCR1QH
45TBWPRV,https://www.amazon.com/promocode/A1RBGUV43ZZFI7
80LF6VEQ,https://www.amazon.com/promocode/A2O7US165QYZSL
501164PE,https://www.amazon.com/promocode/A208H3U8DZI5FJ
30H7KOBC,https://www.amazon.com/promocode/A3TL145R6J7JXD
80EN3KAH,https://www.amazon.com/promocode/A3AM114533NW1S
45MM8YE6,https://www.amazon.com/promocode/A1HHYDJRC4H9F6
80BH59UD,https://www.amazon.com/promocode/A1V6DGFFW8OOCW
505V92MO,https://www.amazon.com/promocode/A2F43Y3NHPE8DN
25JZC6MJ,https://www.amazon.com/promocode/AEAPDKHA81BXQ
40A1RDEP,https://www.amazon.com/promocode/A3DZK1UL6LMNQI
308DEEFA,https://www.amazon.com/promocode/AE699ULPT7Q48
80DAIBNE,https://www.amazon.com/promocode/A1YW1PITWSWBTQ
50Q53YHX,https://www.amazon.com/promocode/A1680JTLN5F5RA
55Y6ZM3C,https://www.amazon.com/promocode/A1BBYVV145HME6
3541R7U3,https://www.amazon.com/promocode/A33A3908EDPVAO
607QDCCX,https://www.amazon.com/promocode/A26LDEJP7IW81M
35ZMPWVK,https://www.amazon.com/promocode/A2XBHPGMJBWDV1
80NW8CNY,https://www.amazon.com/promocode/A2FH7T2Z8OF9MX
60RC59MU,https://www.amazon.com/promocode/A2M3J52KVPROTT
25KEGUBV,https://www.amazon.com/promocode/A1JSYOZ1YG2HSZ
80CPJH67,https://www.amazon.com/promocode/A3D24KT8NTRIE1
80OPMHKC,https://www.amazon.com/promocode/A22RS0TFW8CSBO
8013CT3U,https://www.amazon.com/promocode/A8HQW5KUJUXOI
805KMKXS,https://www.amazon.com/promocode/A2KDDLFSTHCLL7
8039GHWB,https://www.amazon.com/promocode/A1W27QG0ZOAEEB
80BJS9D9,https://www.amazon.com/promocode/A1D3CLF3WTLJE1
801BB3HV,https://www.amazon.com/promocode/A1F34DOO719U0S
803Q31FX,https://www.amazon.com/promocode/A29GH1KQIV4HS4
60PP5JQT,https://www.amazon.com/promocode/A161NHA3H5ASQ4
609E46N1,https://www.amazon.com/promocode/A10NDLQB250HFY
807TL7US,https://www.amazon.com/promocode/A11701WSMPAKMY
80QVKJVY,https://www.amazon.com/promocode/A1SRABMTU0AOSG
80PJANLA,https://www.amazon.com/promocode/A3N9FVJ8X8QCXW
8069NL1R,https://www.amazon.com/promocode/A388OXZ4PEQ44I
80ZMLQ1Z,https://www.amazon.com/promocode/A1FG3345JDJ7ZC
80KLS6SN,https://www.amazon.com/promocode/A3895WAQQ05ZZ0
80VBYIQF,https://www.amazon.com/promocode/A15PZMF62SRNKI
80FUQYOQ,https://www.amazon.com/promocode/A3UMM1IOBR1KS3
80BNHDDQ,https://www.amazon.com/promocode/A1CBFHVG8E155U
80H45RF8,https://www.amazon.com/promocode/AGWAHFT51VXGQ
80HFBN3W,https://www.amazon.com/promocode/A1H90YVI326F2Z
80SSZPIE,https://www.amazon.com/promocode/A2371C6ZX65VMC
80GIXE8D,https://www.amazon.com/promocode/AADM1A8Q9D0WR
80PD8A5R,https://www.amazon.com/promocode/A24D5B0L56I48C
803BTIU6,https://www.amazon.com/promocode/A2T2TFF8WSB3M5
45AEF6IF,https://www.amazon.com/promocode/A3VBF8ZQ23P1OS
80PFXR6C,https://www.amazon.com/promocode/AEF9YY87RCMNZ
80MZP8V9,https://www.amazon.com/promocode/A23742QXVLMX2X
80Y6UF4G,https://www.amazon.com/promocode/APO274T9A5KBQ
803WJRNC,https://www.amazon.com/promocode/A1HYYEVXUSLXIM
80CCXWLM,https://www.amazon.com/promocode/A1PINI8X43JZ2G
80PHG9F5,https://www.amazon.com/promocode/A1I0NZNES2PAWN
807FZF9R,https://www.amazon.com/promocode/AM15PCYSBTEIH
80HF7COB,https://www.amazon.com/promocode/A1SXON1MJFA4CU
80BPKV7C,https://www.amazon.com/promocode/A1QVX97O61BT4P
8077VE8X,https://www.amazon.com/promocode/A2DH2BPSBH2U7S
80A93AXH,https://www.amazon.com/promocode/AHKELW7RPDF35
80KLZZBV,https://www.amazon.com/promocode/A23U1YIWVQJUM7
801JQFE4,https://www.amazon.com/promocode/A2PQCMLQG0ENZA
80SBKY4B,https://www.amazon.com/promocode/A19DE48OHEAJWU
80JJP2JE,https://www.amazon.com/promocode/AXFD9X290595K
80KH45LY,https://www.amazon.com/promocode/A2AL1C3U2YO3VV
80Z84UWH,https://www.amazon.com/promocode/A1C59EEOJFYHXR
808SZM51,https://www.amazon.com/promocode/A3OKTABQBJN2OW
80CHB78S,https://www.amazon.com/promocode/A3U50UDGVYIXGZ
80GPH1ZV,https://www.amazon.com/promocode/AHED37W3L2RRB
80CEAFYI,https://www.amazon.com/promocode/AVQVVMYBFV9AL
80JWQGBY,https://www.amazon.com/promocode/A35FDEIV83U6PW
8091Y2IF,https://www.amazon.com/promocode/A2FB2FACBLPRSN
80IYZAMQ,https://www.amazon.com/promocode/A3RZ6CF8B6H2ZT
80F95AT3,https://www.amazon.com/promocode/A30VL12GCE7WTX
805QRMUM,https://www.amazon.com/promocode/ATLYLZXNZ9XOI
40KG1AQ2,https://www.amazon.com/promocode/A3EGO0QTQ8ZQC6
40PQ77YD,https://www.amazon.com/promocode/A23T3T1IR42KIA
40EMKXIQ,https://www.amazon.com/promocode/A2K8PHHSLWUQDR
404UJ3FP,https://www.amazon.com/promocode/A3AB9XOMDQZ84O
50R62FRS,https://www.amazon.com/promocode/A3EERQ4QXQUY2I
40S927UA,https://www.amazon.com/promocode/A3NM9GHBIAGLZW
601M954M,https://www.amazon.com/promocode/ABN5NP8MWZ54R
50YNOEGC,https://www.amazon.com/promocode/A233AUJ3RMATB6
3561WWDR,https://www.amazon.com/promocode/A1AW3S6PUMGJ15
1541E5ED,https://www.amazon.com/promocode/A2L3DIZB79QNMO
80UX2ORA,https://www.amazon.com/promocode/A1CYLGWUY8JTFD
80HJJCVW,https://www.amazon.com/promocode/A2FTD3X1J7SC6N
80R56ZRD,https://www.amazon.com/promocode/A1C7OBGHUF3OPO
30N13TYY,https://www.amazon.com/promocode/A2GBLAX35OUBYC
80Y3YEFT,https://www.amazon.com/promocode/AGL3NZ4P6G2VD
80S3HHP2,https://www.amazon.com/promocode/A3H0M5TKFCSBIS
80W9HJET,https://www.amazon.com/promocode/A5PJR5VMAJAH1
50FPTMWS,https://www.amazon.com/promocode/A3Q7D69Z16322S
80X6CH6B,https://www.amazon.com/promocode/A3A2IZMSE5Q0JO
806QBWFE,https://www.amazon.com/promocode/A1RIFOOOSL9LH4
80L3AZXG,https://www.amazon.com/promocode/A22OWVM427VGI5
35LYYKKT,https://www.amazon.com/promocode/A15IT4UXZ4WP34
25XJVX32,https://www.amazon.com/promocode/A3GFTOZCNG4E5S
804IEWMO,https://www.amazon.com/promocode/AIWVWH81WATY8
803XXA2B,https://www.amazon.com/promocode/A2HNHG8K3T4R9C
8047QOMP,https://www.amazon.com/promocode/A3O7P8NLUVBNXM
80OF1EWN,https://www.amazon.com/promocode/A96SNXP5CPHGW
80RKZUU4,https://www.amazon.com/promocode/A18K4KIQ84KB1O
809WZBFR,https://www.amazon.com/promocode/A8STKMTFNHWAD
80RYTXL1,https://www.amazon.com/promocode/A1FTYJ0KWM38EQ
80JPFH9Z,https://www.amazon.com/promocode/AELXSP1FKG2M2
808VDN62,https://www.amazon.com/promocode/A1G3JLB80NHX46
80OBIFHD,https://www.amazon.com/promocode/A1WO0Y9IQ5I2P7
80LES68R,https://www.amazon.com/promocode/A9OF3RRK08VV5
80526LQG,https://www.amazon.com/promocode/A26EXMP6L0JUPJ
80BCRDZ1,https://www.amazon.com/promocode/A2EGVLC2QDXK8H
80WK6SGR,https://www.amazon.com/promocode/A2T8QDZ837LB69
80KBOYY9,https://www.amazon.com/promocode/A1MNP2CA5DEP9Y
80O1J4W7,https://www.amazon.com/promocode/A2HTBRTTYQP20L
801284CJ,https://www.amazon.com/promocode/A2TYS052V5CSNO
802NUAUR,https://www.amazon.com/promocode/A16DIIWSBEG9GZ
80TEW7ZI,https://www.amazon.com/promocode/A30A9DCP33AMNT
809WKJ6Y,https://www.amazon.com/promocode/A3BES6G4JP45A0
80N2IARF,https://www.amazon.com/promocode/A3LW3VQJGBAATT
80RAOKYY,https://www.amazon.com/promocode/AFZUQZYIB3Z8J
80LLKU3Q,https://www.amazon.com/promocode/A16YT37ZTB706G
80VKE259,https://www.amazon.com/promocode/ARL130EKSOLEE
8076T23M,https://www.amazon.com/promocode/A1GNEVANQM1QRY
80K67WOS,https://www.amazon.com/promocode/A32R5N1GQ1NKEF
807BN93E,https://www.amazon.com/promocode/A1MQNYJ4UCLS1
801BI5I3,https://www.amazon.com/promocode/A13T2D192SLOVS
80Z7WL7U,https://www.amazon.com/promocode/A1ICEIV8DMOEPY
80JZXZV4,https://www.amazon.com/promocode/A210644Q2KGWWU
802FAM8H,https://www.amazon.com/promocode/A1EETR2JQDY31P
80F2T59P,https://www.amazon.com/promocode/A2K2JOVCF6KZFN
808ME4FZ,https://www.amazon.com/promocode/AOSW49G5ST8MX
50O23O4X,https://www.amazon.com/promocode/AFNT4BMUTC4J5
80GJT9TB,https://www.amazon.com/promocode/A11QRZCGXSL11M
40UJR3KK,https://www.amazon.com/promocode/A2AUXQJJJD1MO
80IM7YRT,https://www.amazon.com/promocode/ALBW9WEUDL507
80XQH6RD,https://www.amazon.com/promocode/AGA8J6UIUYJLK
8093T7QS,https://www.amazon.com/promocode/AFRS9PW2Q98E5
80LY1HLR,https://www.amazon.com/promocode/A3T0O4SPR5LDRU
80193HXU,https://www.amazon.com/promocode/A38NPQXREIBGWC
80LVMW96,https://www.amazon.com/promocode/A1W05RYWMLFHW9
80DU3ICL,https://www.amazon.com/promocode/A3LS13292R096N
80S914E9,https://www.amazon.com/promocode/A3BBOYJGE6MBC4
80Q9KW8C,https://www.amazon.com/promocode/A200J0FXFIY51Z
80SCMH4I,https://www.amazon.com/promocode/A1PTEB2BYZT6LP
80YDFSB8,https://www.amazon.com/promocode/A2T1ZZXLA92XUF
8052RQJ4,https://www.amazon.com/promocode/AFK7HRM95U54I
80AAFFKB,https://www.amazon.com/promocode/A3MBZ7IZ9NC6MU
803QO1RS,https://www.amazon.com/promocode/A2UQ4K4M9NORYX
57HZ1WHV,https://www.amazon.com/promocode/A3UGDVD4BI16Q0
55BU5H8J,https://www.amazon.com/promocode/A1425UI6CS70YZ
80TB4XC4,https://www.amazon.com/promocode/A13MXCM5S768C7
80FRV3TN,https://www.amazon.com/promocode/A18PZIADXW5BG5
80IYQDAY,https://www.amazon.com/promocode/A125K262UL4073
8077IJCW,https://www.amazon.com/promocode/A2BO2LOUSFA4JE
80W7ZRG7,https://www.amazon.com/promocode/A1HB9QM7FKTMFF
807W6BKQ,https://www.amazon.com/promocode/A3BTC2CAZ9S8BI
80GTKUM2,https://www.amazon.com/promocode/A1JMAJQIB06HFT
809VLCWE,https://www.amazon.com/promocode/A2OW9GPOA7H8N2
807Y2JLZ,https://www.amazon.com/promocode/A1BWGGJ5U9VG3N
50OQO61F,https://www.amazon.com/promocode/A2QOVDLOPSKKL4
50U4GL51,https://www.amazon.com/promocode/A1580S0HKL52WN
80ZJZOQ8,https://www.amazon.com/promocode/AXD3DA0KJELMQ
806KIWL5,https://www.amazon.com/promocode/A12IVY9KFW2JO6
80PHDGW5,https://www.amazon.com/promocode/A2YJ9AHDPC0FZ0
80A5T354,https://www.amazon.com/promocode/A2EKQCI3N47URY
80IFW6VO,https://www.amazon.com/promocode/A2OD3GO9I31475
80JU4988,https://www.amazon.com/promocode/A244Q1EPR4CMPK
80XZGN1A,https://www.amazon.com/promocode/A3TXQJKHKB1O5V
80N6UBIX,https://www.amazon.com/promocode/AA1LXDKGLIGCX
805EJ7DR,https://www.amazon.com/promocode/A3IPL6IRKB4JFI
80T8A3KH,https://www.amazon.com/promocode/A289PBS04CUYOK
80Q9VMDK,https://www.amazon.com/promocode/A2XU85KSSJF1FV
55HD9PK8,https://www.amazon.com/promocode/A1W7KBHL97YYNS
80B26WK8,https://www.amazon.com/promocode/AFFMI9YEUOP10
80O3D7DE,https://www.amazon.com/promocode/A2RLK4XNA5HXEK
512J33UG,https://www.amazon.com/promocode/A3262UM0MW7MXI
51OTL1QD,https://www.amazon.com/promocode/A6025ZASJZUIY
804YRR4L,https://www.amazon.com/promocode/A1B0ETZZOYHIXY
55GJ9VWN,https://www.amazon.com/promocode/A1IRKKB913120P
753JEOG5,https://www.amazon.com/promocode/A2RGBO2EY9IAGS
60E281D4,https://www.amazon.com/promocode/A23I5HI0DCZ0U4
75KYTRO8,https://www.amazon.com/promocode/A3QUMS7NDG8QCQ
75UXZKJZ,https://www.amazon.com/promocode/A1NEMU1MJ39WAX
80LUYKJY,https://www.amazon.com/promocode/A3HKNI7IJL0M5X
75ZLJU7L,https://www.amazon.com/promocode/A3ADFCI6WYTKYH
40MGBN2Q,https://www.amazon.com/promocode/A278UUSN2XJXW8
40DETCPW,https://www.amazon.com/promocode/A25X67F7IWAV4I
403PW1D1,https://www.amazon.com/promocode/A2XOUOXT4C9A3D
50J1QPBY,https://www.amazon.com/promocode/ADVY0PKEE0EB0
502V9FQN,https://www.amazon.com/promocode/A12CHWAA6YF31A
805CRJJ5,https://www.amazon.com/promocode/A2X41SG0SXX2H7
50ORY39Z,https://www.amazon.com/promocode/A2CJXZ7KPJPBHC
80OH9JAA,https://www.amazon.com/promocode/A1NBDOHOQ2BN8
80844CFW,https://www.amazon.com/promocode/AJYCCBB6HKH7L
805IBIZS,https://www.amazon.com/promocode/A1VLRILC2E35D1
75POT5E9,https://www.amazon.com/promocode/A3Q8B7ABGLLQU2
806OQOHX,https://www.amazon.com/promocode/A31GRC4XR85TPY
608ORZJ7,https://www.amazon.com/promocode/A3VJJZIZ81ETCT
50NY9T9I,https://www.amazon.com/promocode/AR1OMUS9O3EUC
4033UBEB,https://www.amazon.com/promocode/A8QR028XKVNEV
408FDOPH,https://www.amazon.com/promocode/A2YZT765W4QI3F
402AXF1H,https://www.amazon.com/promocode/A19BG5RCA3OWQP
50LBNO52,https://www.amazon.com/promocode/A3S4W1PMG8SNCS
803CBYM2,https://www.amazon.com/promocode/AJAN02EGEUU7D
60HNU5HD,https://www.amazon.com/promocode/A1SBDXFB72MZFW
60L4RKYJ,https://www.amazon.com/promocode/A3LQ82RO0PSEVN
70L47REW,https://www.amazon.com/promocode/A36R3CL60K4CVZ
604E8162,https://www.amazon.com/promocode/A31WFGHESDFV7Y
60WVF23B,https://www.amazon.com/promocode/A1OXA26SLGCGG7
50D26R23,https://www.amazon.com/promocode/A2QR3QAASOOGW6
65N6H7WC,https://www.amazon.com/promocode/A3SWRPDZR2HDCG
80EWP559,https://www.amazon.com/promocode/A3DX5NSNWKFKFI
6029GOJF,https://www.amazon.com/promocode/A3R7OQH5OIKSSX
80X7VZ62,https://www.amazon.com/promocode/A1H9HUZBOMIZDF
80NN7FAL,https://www.amazon.com/promocode/A2S27WV8OEMA4L
801VA8JA,https://www.amazon.com/promocode/A1J83OHFEOB9A0
65BKVKIY,https://www.amazon.com/promocode/AWUN9PE3MX5QJ
30FWMLLC,https://www.amazon.com/promocode/A19S1OVY73M7FY
30AC339P,https://www.amazon.com/promocode/A3BKW7KF3FU8Y8
30ET8GU1,https://www.amazon.com/promocode/A2LNL7G30FUXTX
30CMKW3Z,https://www.amazon.com/promocode/A1Z53MSUSMOIYD
30Z96KSP,https://www.amazon.com/promocode/AUO7BPA96V3VT
30B18CZH,https://www.amazon.com/promocode/A2JIVZPLUTIAYG
30UQU9GB,https://www.amazon.com/promocode/A6HRKW85W7M55
30OS2AEI,https://www.amazon.com/promocode/ATJCI5T4XYZSR
304JDP2V,https://www.amazon.com/promocode/AWILR6MLZNJFI
30CXHAGL,https://www.amazon.com/promocode/A3HDCS4O2VEKTW
75LN66LK,https://www.amazon.com/promocode/A2JKT7Q5MZJEQG
75E8M8KR,https://www.amazon.com/promocode/A3ORUW0G2TL3M6
80D6AERG,https://www.amazon.com/promocode/ALS2DMI35PKPX
60846R75,https://www.amazon.com/promocode/AVEZ0V3LMPK95
80JC17HY,https://www.amazon.com/promocode/A1APCUT6WJQXSD
80N47M83,https://www.amazon.com/promocode/A39UEWKDJ1CRNL
80RZUFXM,https://www.amazon.com/promocode/AKNOHHJJBCYRB
80X5IY7Z,https://www.amazon.com/promocode/A3APQ643PHSGO9
80AB7ZKI,https://www.amazon.com/promocode/A4XOOKTUPVD4B
804JQS49,https://www.amazon.com/promocode/A1MLX4POB8MYZV
80YIAZHJ,https://www.amazon.com/promocode/A3BSXL9C0NZ4DR
80HH8QYN,https://www.amazon.com/promocode/A3AK088DTTOPZJ
80A9XKVB,https://www.amazon.com/promocode/A1JCNROLTEL8XR
80X8Y68Z,https://www.amazon.com/promocode/A3L2FDCQJOG8A5
80ES7MQ6,https://www.amazon.com/promocode/AAOWAABPEDUBY
80Y8EV2A,https://www.amazon.com/promocode/A3O8S2BLAQL2U
804SZVXT,https://www.amazon.com/promocode/A10PI89EVXBNS0
801M83MW,https://www.amazon.com/promocode/A3CA9XQXF5TS7U
80VV2NFL,https://www.amazon.com/promocode/A1F4LAUEYTHJKW
80NAZBFD,https://www.amazon.com/promocode/AR5K6BKAUXZKJ
80SL7HRM,https://www.amazon.com/promocode/A1V3X2YXURHNDW
80J98HRD,https://www.amazon.com/promocode/AX3TB478RUUEF
80Y728RN,https://www.amazon.com/promocode/A2JC3U7S15SNHX
80D9XCQ8,https://www.amazon.com/promocode/A3RMQ3H3NXDIA6
30CUYQU8,https://www.amazon.com/promocode/A3R62QN3NG078F
80XU4LM2,https://www.amazon.com/promocode/A2N5DV43SA56XB
80HHDYSP,https://www.amazon.com/promocode/A16TZTE08MT55G
80PW2WAE,https://www.amazon.com/promocode/A2WN02BF8J72RN
80DBSAYE,https://www.amazon.com/promocode/A4BTK2KLUPEN4
80PGD7Q4,https://www.amazon.com/promocode/AZHUMREHA102L
8059ZPOS,https://www.amazon.com/promocode/AKUA4J251H2ON
80B56K1X,https://www.amazon.com/promocode/A23V7JAV48MDS2
80T9GMJN,https://www.amazon.com/promocode/A311SRH2C7CSH9
807ITJDX,https://www.amazon.com/promocode/A7BYK0VVATW3U
80P6BLCX,https://www.amazon.com/promocode/A2HQPVQEJU7PUR
80BT5CWX,https://www.amazon.com/promocode/AHKQP75WPV8VS
80GZ2JA6,https://www.amazon.com/promocode/A6FFPZGSMTCIK
80GAI8SZ,https://www.amazon.com/promocode/A139I49KH83PHK
80J3NZTO,https://www.amazon.com/promocode/A1IIZTV83GOZB8
80DMP5JM,https://www.amazon.com/promocode/A2E9MD1RG7C4YY
80UKS9ZK,https://www.amazon.com/promocode/A28J7UQMGKM86W
806EJ63M,https://www.amazon.com/promocode/A321D2TF267ZUK
80JSOG5E,https://www.amazon.com/promocode/A3KVP5JZU7AIS0
60OWUCWY,https://www.amazon.com/promocode/ADJ2TEWPJU2BM
80ZH6AMZ,https://www.amazon.com/promocode/A3M1U5XH3WWFUB
809KPSVY,https://www.amazon.com/promocode/AZOU5IRGRHABZ
80V9K86Y,https://www.amazon.com/promocode/A1PVO1S0OJ6R64
8029CKP5,https://www.amazon.com/promocode/A2MIHPSTO93BS8
80ZPIUBC,https://www.amazon.com/promocode/A3VNW0YH9OJAGT
80J88E4D,https://www.amazon.com/promocode/A6I0O3HTO56R2
80XAF9LZ,https://www.amazon.com/promocode/A2QLXMEO4QG3YJ
80C1CMBQ,https://www.amazon.com/promocode/A1WWHNBDJ2HCWG
80Y8T4FD,https://www.amazon.com/promocode/AFZZ3IGQ9HTJO
80Q9A3FO,https://www.amazon.com/promocode/A3U29B659XRVNJ
80HBKDQV,https://www.amazon.com/promocode/AVILMP4619A3E
80QCUHHB,https://www.amazon.com/promocode/A32LO29W7NMA1U
801SP3FF,https://www.amazon.com/promocode/AH4C4M3IIH6KV
80LRWM5E,https://www.amazon.com/promocode/A18EI2SSFMVMI4
80YWIGEZ,https://www.amazon.com/promocode/AQL27DYPAFUWG
80SMVPBF,https://www.amazon.com/promocode/A2A58MT5X9J0J4
80XO5SBV,https://www.amazon.com/promocode/A3VRJJHJ38F6H1
80IYDDIP,https://www.amazon.com/promocode/A2UUKKJ2L4LST6
80GWJ372,https://www.amazon.com/promocode/A3KREQA93HTLA4
50GP2DK8,https://www.amazon.com/promocode/A3H6IBWOK6874
80ZGL71J,https://www.amazon.com/promocode/A3K8K4LRBQALWO
802IVTKT,https://www.amazon.com/promocode/A22ZAXL820Q73B
801R61SB,https://www.amazon.com/promocode/A2PO652PB1OH1Z
803ETYCO,https://www.amazon.com/promocode/A1162DLZZO9V2Q
80TB1KK1,https://www.amazon.com/promocode/A2XCDKFKQY4MR0
80HWQSUV,https://www.amazon.com/promocode/A3PTRZRGU3L42L
80VB3YEI,https://www.amazon.com/promocode/A1CINU58OGFTN1
80C12QWZ,https://www.amazon.com/promocode/A36WI5O6OCS230
80ABCG2H,https://www.amazon.com/promocode/AZS0MUJEITENP
80Q3DMCI,https://www.amazon.com/promocode/AJ6H2ZYX21O0P
80LC1ET4,https://www.amazon.com/promocode/A78P42EX2DMV9
802OXPBK,https://www.amazon.com/promocode/A1N7BHFYK2Y7TZ
80NF5UEB,https://www.amazon.com/promocode/A60JINYW6ARHR
805CMWSK,https://www.amazon.com/promocode/A2EAS7PS918YYU
80WCK65Y,https://www.amazon.com/promocode/A254CMCQYZ03L0
80DF1ZSH,https://www.amazon.com/promocode/A3S4E0BTK5S9PM
80SLD3T8,https://www.amazon.com/promocode/A2E69K8HCILN3S
805YKIR2,https://www.amazon.com/promocode/A24L75YA87A3PJ
8068RTTY,https://www.amazon.com/promocode/A18KWCEULGNQ2P
803V96BS,https://www.amazon.com/promocode/A25HT85FCBG5D
80WGM238,https://www.amazon.com/promocode/A1M573GY7C0MFG
50EFPUJM,https://www.amazon.com/promocode/A3O7TY7SQ1M05S
508KBSHS,https://www.amazon.com/promocode/A31Q0JO65AKWP8
80LBNSE7,https://www.amazon.com/promocode/ABCDQHC0T9UH4
80XXPXXV,https://www.amazon.com/promocode/AKRMQXKA8WCDX
80FTZPYL,https://www.amazon.com/promocode/A2PLXXLRAJATXW
80UHY85O,https://www.amazon.com/promocode/A3DVMY4IE5ZYQJ
80QRMZCE,https://www.amazon.com/promocode/A2VXFJZ5CF6FV3
80QSUMM3,https://www.amazon.com/promocode/A3FW6VTJVKB1DE
80MWWSFN,https://www.amazon.com/promocode/A3MWF9OUIWYLVX
80UDJOL5,https://www.amazon.com/promocode/A33YU8KPY0T46O
80XV7N5L,https://www.amazon.com/promocode/A2HG9GV14GNT4
80L6WPOR,https://www.amazon.com/promocode/A20GB45F9X9UMM
80OLXT32,https://www.amazon.com/promocode/A1YCHA9RSTF2SS
80EFY6CP,https://www.amazon.com/promocode/AIEVXAPXK2YA9
804YDOLY,https://www.amazon.com/promocode/A2C2NUS78LV3WI
55C3RGUL,https://www.amazon.com/promocode/A1RSCGEBZ6XSJ6
80V33XQC,https://www.amazon.com/promocode/AS7AOEGYANME1
80RXZ862,https://www.amazon.com/promocode/AMBWJT8E7VLNW
80YZJXMX,https://www.amazon.com/promocode/AHRTKAQDTQ1US
80GWQ3ZA,https://www.amazon.com/promocode/A34V6QZOD8DFIG
80YQRWBK,https://www.amazon.com/promocode/AZX731X0006QY
60PHPVAY,https://www.amazon.com/promocode/AO56VCCNBI71C
30AP98XW,https://www.amazon.com/promocode/A2XQGF0OCRB03K
65BBYN3C,https://www.amazon.com/promocode/ADB3B24RBCI82
80XIQZDZ,https://www.amazon.com/promocode/A63VNDWXI9VXR
80MGBPIH,https://www.amazon.com/promocode/A1HBMDD3VEQUC3
80QDXHLO,https://www.amazon.com/promocode/A1KZR3N5WZU0X1
307KNZ2X,https://www.amazon.com/promocode/A2ID0WLHJOVCCX
503PNZTA,https://www.amazon.com/promocode/A1QTB4BZ7RFWMR
80T6MOME,https://www.amazon.com/promocode/A2RJTT7TSQ0JJ0
806HF9BP,https://www.amazon.com/promocode/A2ONUVLXP21YQX
80URXCYW,https://www.amazon.com/promocode/A2VK1J0A7Z9LEJ
80DWX6OA,https://www.amazon.com/promocode/A36UOR2HMV7O7J
489TWITI,https://www.amazon.com/promocode/AI4R1GXTM41A
80XLEWOK,https://www.amazon.com/promocode/A37G3X3V8EWXB9
807EM6NZ,https://www.amazon.com/promocode/A358SB7P0NP878
20OKCIPW,https://www.amazon.com/promocode/A3FSRRRS3Y6YY2
80DB9F4W,https://www.amazon.com/promocode/A32S7T0PJPHEKO
80MOMVG1,https://www.amazon.com/promocode/A3KEULQ9NFW2GG
80SGY7CD,https://www.amazon.com/promocode/A32D099TR7VEBY
80572B97,https://www.amazon.com/promocode/AA27QW8INRCV2
80ABPP16,https://www.amazon.com/promocode/A1WB73NE3EDHW2
60VV1Y2D,https://www.amazon.com/promocode/ARQUI02HNLNJH
80LW13NE,https://www.amazon.com/promocode/A1G1I0WSF8ZIME
80TE8VVJ,https://www.amazon.com/promocode/A2ZOMZWH8U1TCA
80KI3YIS,https://www.amazon.com/promocode/A379YLUAJ3JHNV
809X7DA1,https://www.amazon.com/promocode/ACB7WYARMW2MQ
50YKJ3E2,https://www.amazon.com/promocode/A3R24K23FLKTG1
601K6Z2G,https://www.amazon.com/promocode/A2O4L4PR9JZG8I
603WROIE,https://www.amazon.com/promocode/A35DZQOKRUXYR9
60CSI6IZ,https://www.amazon.com/promocode/A3NMNFV26YBR9H
40VAGREEZ14,https://www.amazon.com/promocode/A56XVMFY65XVA
60AT5P8L,https://www.amazon.com/promocode/A3GZZ0S7E8ZWEA
80ORI24V,https://www.amazon.com/promocode/A1YRRX22VQ7J2
70QYR1UH,https://www.amazon.com/promocode/A2YRGD2ZYT7DY8
80C21RZK,https://www.amazon.com/promocode/A2T4LOHNK9KFNP
60Q85XC8,https://www.amazon.com/promocode/A13PMMSA8X5J3F
45CP6F37,https://www.amazon.com/promocode/A1DL64HRUO134D
80IJKWIL,https://www.amazon.com/promocode/A1MYGYYO5ZY6Q3
41SURHWH,https://www.amazon.com/promocode/A26ZWTZ5CO8UNO
80U1YO9E,https://www.amazon.com/promocode/A2HV0WNGXI1S5J
70HGMGI9,https://www.amazon.com/promocode/A2JNXJ1XLZBH76
80O7WD49,https://www.amazon.com/promocode/A10AEZ19DEH9R0
80CX1FA3,https://www.amazon.com/promocode/AGLXU79QD89JI
70NZLVKF,https://www.amazon.com/promocode/A1AU3RT3QLRDQV
80Y512ZS,https://www.amazon.com/promocode/A379CT28VMT260
40A5C5KE,https://www.amazon.com/promocode/AUW89T965SMHP
454CU5QU,https://www.amazon.com/promocode/A3P9IHU6RZ9MEN
80UGTJ5I,https://www.amazon.com/promocode/A2E1ZZV434RT5P
80XV6EUE,https://www.amazon.com/promocode/A18851L5TL5BTM
70BXVIYO,https://www.amazon.com/promocode/A1U8FPKCMOTMFJ
80NEG7EU,https://www.amazon.com/promocode/A1YCT3E2XN6F4
45J1XCBX,https://www.amazon.com/promocode/AP9K6TILMGNK9
80FMZR9Z,https://www.amazon.com/promocode/A2XAE0IKCCEOJM
709G19FV,https://www.amazon.com/promocode/A2T47OG0V9VXEH
80MOYWON,https://www.amazon.com/promocode/AZSDZK778BMWI
80WZMF6N,https://www.amazon.com/promocode/A22GBD551SQSFF
35376XT4,https://www.amazon.com/promocode/APS1EZDJ0DTZT
80XH9J9I,https://www.amazon.com/promocode/A25F8Z0KZNZB9J
35I5Y2CA,https://www.amazon.com/promocode/A2VOFNF3EMH6BS
35V9UHX7,https://www.amazon.com/promocode/A3LVROWCBQI7ZL
35Z5KC5A,https://www.amazon.com/promocode/A3LCGWWGV9QYGH
55MFAJMA,https://www.amazon.com/promocode/A2Y1I2IOJWKDRP
80JLI4UH,https://www.amazon.com/promocode/A2GF64HORJPNM
358RPIFD,https://www.amazon.com/promocode/A4VCTDPRXWKFV
80KZ6MZ5,https://www.amazon.com/promocode/A1QPLTMVT3YEVN
50W8W3S4,https://www.amazon.com/promocode/A3ML26SZVBFO2E
50JS549K,https://www.amazon.com/promocode/A19V44M2ODTPWQ
50SG7PSD,https://www.amazon.com/promocode/A1YB6TRFTCWAK3
508762J7,https://www.amazon.com/promocode/A2QIBZWAV0AYO7
80PCWDQJ,https://www.amazon.com/promocode/A2R56NJFYAYMLR
70FOH68O,https://www.amazon.com/promocode/AJN1TR4HHTBOA
80OSYPY7,https://www.amazon.com/promocode/A34NMKGZDJQCNL
489635U3,https://www.amazon.com/promocode/A2KZU1ABD23OO5
60I7TPB8,https://www.amazon.com/promocode/A116VTM0GQLFTJ
80G7VY7J,https://www.amazon.com/promocode/A3O4IVEQJJJ2T2
48TQL8HZ,https://www.amazon.com/promocode/A2Q69HWIE344KV
4891UO7V,https://www.amazon.com/promocode/A3T2MCWSUZINE3
65TZV1KP,https://www.amazon.com/promocode/A2LCATYXZXN0FA
80IR85FE,https://www.amazon.com/promocode/AGUE5NO6I9ATA
45XX5DDY,https://www.amazon.com/promocode/A1BUB5IE1ZEZT8
706271XG,https://www.amazon.com/promocode/AX6D5TWPANN6X
40TD4DPF,https://www.amazon.com/promocode/A159DT6F0B1A3U
508MMKHV,https://www.amazon.com/promocode/A30R3VBREXAQQS
50T4XYRZ,https://www.amazon.com/promocode/A3R8D5XQZGW1IC
60QYZEOZ,https://www.amazon.com/promocode/A35LIKNNYRPKXJ
30ABNEGV,https://www.amazon.com/promocode/AH8QEI6C1EOLY
15M9WH3J,https://www.amazon.com/promocode/A2ZL7FYDLQ1WRG
15LIZLCW,https://www.amazon.com/promocode/AHS4JAC16340X
80KKWGK2,https://www.amazon.com/promocode/ALTB18IRJ983Z
15MITLH4,https://www.amazon.com/promocode/A36A85364FALAX
80DBTPX9,https://www.amazon.com/promocode/A3PD2YJILB5XG7
50HFBVPG,https://www.amazon.com/promocode/A10R5W1JO698DP
155NIA7B,https://www.amazon.com/promocode/A1UR9P0NY088FJ
80Z1O4EI,https://www.amazon.com/promocode/A2N41OJU5UINJQ
45DP48EM,https://www.amazon.com/promocode/A1TJK26A1GV1O2
15IJT9QQ,https://www.amazon.com/promocode/A2VPRE0UGT3IOE
15ASQZH3,https://www.amazon.com/promocode/A3O9PQUZVY9KN8
157PLVS3,https://www.amazon.com/promocode/A2806NMJ8U1RIG
808JTYYK,https://www.amazon.com/promocode/A27ZHOE61RMHUV
159QDYZM,https://www.amazon.com/promocode/A39RCY3LFK2L0V
15HOY4RI,https://www.amazon.com/promocode/A3F2TA30NHDSBT
40BN7PV3,https://www.amazon.com/promocode/A1VAMI54SPJ4Q7
50CVPV8Y,https://www.amazon.com/promocode/A1JNFPFI7QJ89F
15LKVL3U,https://www.amazon.com/promocode/A1O5O465ELQPFH
15DJ1G9W,https://www.amazon.com/promocode/A3CL28Y2Q7OSB9
15NN1DE9,https://www.amazon.com/promocode/A2FIMC9TEPA2LB
15M2XR25,https://www.amazon.com/promocode/AO6E25IB3W506
15XMYL79,https://www.amazon.com/promocode/A2634YISFXPY0D
15PNL48C,https://www.amazon.com/promocode/A1JTBZYVDVHC6D
50DA4VUI,https://www.amazon.com/promocode/A38JRPK6783NBV
1584E99T,https://www.amazon.com/promocode/A9CP3HFLSSXI7
155DKZW6,https://www.amazon.com/promocode/A2UA3X7QVVYRXP
156TAUKG,https://www.amazon.com/promocode/A2326XFDUYJYDV
15INX4PZ,https://www.amazon.com/promocode/ATVBUMSP5FHZ1
15GZT6UG,https://www.amazon.com/promocode/APS2K89UJMJXP
15N8WXBH,https://www.amazon.com/promocode/A3IJVI3AF3H9Q9
15FGOEW4,https://www.amazon.com/promocode/A1RY4PQVYMNQO9
15LL5OTP,https://www.amazon.com/promocode/AHXCFAZBLSYXU
158CNUAI,https://www.amazon.com/promocode/A397R11I1IJR9C
15D27YVL,https://www.amazon.com/promocode/A860ABN9TEOXN
40W1UD44,https://www.amazon.com/promocode/A6CDTCH5DV505
15FGZXEP,https://www.amazon.com/promocode/A2NCDBUOM73T9Q
60G8279C,https://www.amazon.com/promocode/A3ARD2YTW0VKS6
15WXDBKR,https://www.amazon.com/promocode/AVFKDAI8OABIQ
15PQN5IG,https://www.amazon.com/promocode/A20QJH2V0CIED
70KZUGLM,https://www.amazon.com/promocode/A3OU29PKQRL4L9
50ILOV4F,https://www.amazon.com/promocode/AUCGTZ6EU1GPK
80X18E2N,https://www.amazon.com/promocode/A17DVBYILEELSQ
15KZDIR1,https://www.amazon.com/promocode/AWG6MKNW2PWC2
1552JJ4K,https://www.amazon.com/promocode/A3NDCY76OGF0KS
15M4V1EL,https://www.amazon.com/promocode/AXY9AZU7OJQD5
151UFB4S,https://www.amazon.com/promocode/A5S0CFR0ZHUUB
15QWOAP7,https://www.amazon.com/promocode/AI67I2CXAYCU1
50AUBIER,https://www.amazon.com/promocode/A3D66YCWKAXIP9
15PQTAH4,https://www.amazon.com/promocode/A7E546DVUJOSO
15EYBFMR,https://www.amazon.com/promocode/A1ER3R57KVTFRG
15AJ47N9,https://www.amazon.com/promocode/AVQCYBLZ1KP4N
15UMJVWV,https://www.amazon.com/promocode/AIK4EPC5231PF
15IUIDFF,https://www.amazon.com/promocode/A1NX1ZFSWAPEE9
80EIOGRP,https://www.amazon.com/promocode/A2X1V5DA4MB7Y0
15PEFR22,https://www.amazon.com/promocode/A3B1HEH8N4QWYO
15243RBR,https://www.amazon.com/promocode/A8IIEO4QPNBE7
1567U9AQ,https://www.amazon.com/promocode/AWQQXM75PPD5Z
506QBCTL,https://www.amazon.com/promocode/AYH22XJHIJKMF
15UL3ZX1,https://www.amazon.com/promocode/A2USXIJA9VUV75
15451G55,https://www.amazon.com/promocode/A3OX8UHYY8486N
158CAWR8,https://www.amazon.com/promocode/A1YY9PR72UJVS9
159B8QQM,https://www.amazon.com/promocode/A3IJ196FDSC50M
15FJ6CSQ,https://www.amazon.com/promocode/A1X73DA3KJYAZK
155MPHA8,https://www.amazon.com/promocode/A3GGHLRUS3PFV5
1568JHXP,https://www.amazon.com/promocode/A7YWRL8FOEFB6
80338LWT,https://www.amazon.com/promocode/A3GYTXM30J5HZT
15PS9F1Y,https://www.amazon.com/promocode/A3MLT97O0IHCMF
15A5VPH9,https://www.amazon.com/promocode/A2V3JAJD82KBRL
15516L21,https://www.amazon.com/promocode/A6SVA8DIG55KM
45KZK9E3,https://www.amazon.com/promocode/A10O3J6D5JHHST
156MRLU8,https://www.amazon.com/promocode/A1NJDFA8J7XFHD
15QFU34C,https://www.amazon.com/promocode/A2OG4LSU96XPKN
157NLF97,https://www.amazon.com/promocode/A13TO0Y6IIJ6TN
1535TOEA,https://www.amazon.com/promocode/AG64JAC93FYAM
15T31KBK,https://www.amazon.com/promocode/A3GBA02XCUF73U
15E3P96G,https://www.amazon.com/promocode/A20GWH96FLP9XW
50UOC7O8,https://www.amazon.com/promocode/AS4F8VDHIP3NL
15XVTLNI,https://www.amazon.com/promocode/AABJ2M4MPHB0R
15INJCJK,https://www.amazon.com/promocode/A17NB85JEJUYCZ
15IXZK9D,https://www.amazon.com/promocode/A28OSJCFNG1BRI
15DFJVL4,https://www.amazon.com/promocode/A32RPJ7IX6KYE6
15IBWSF3,https://www.amazon.com/promocode/A37Q8WZFW0EB5G
80FM3YIU,https://www.amazon.com/promocode/A1WKP8RP4U03E7
15CHBVKO,https://www.amazon.com/promocode/ANOVMCXCX4CDS
151T8TJG,https://www.amazon.com/promocode/A238OT44V5Z92S
80KNPZ4O,https://www.amazon.com/promocode/A1OBMZL86WTKQ7
15TKVHM5,https://www.amazon.com/promocode/AFSVYJFDOMMX2
70EIXRLV,https://www.amazon.com/promocode/A27AVLQBD0G6AE
15PJCUQZ,https://www.amazon.com/promocode/A1QV2PDFCHDWDE
80JIVSEE,https://www.amazon.com/promocode/A2W2VIW4532DZ1
093WK1J1,https://www.amazon.com/promocode/A2F3IH76AEEXKK
15NP46PU,https://www.amazon.com/promocode/A12QVGIFVXFP0P
80ZNUEQJ,https://www.amazon.com/promocode/A4XN5ZAF6CABB
15TMMBHM,https://www.amazon.com/promocode/A3R1XJZA2TWS14
15I4LFPX,https://www.amazon.com/promocode/A1YBW4SKJE9O0U
70R6YRZW,https://www.amazon.com/promocode/A2KPGKY44W7430
154X3Q9S,https://www.amazon.com/promocode/A2MEB88QHHOZI9
15R7KNK2,https://www.amazon.com/promocode/A3K9ZRJQECWY90
158QL9WF,https://www.amazon.com/promocode/A1O80ERR5QKH7X
809LGRH2,https://www.amazon.com/promocode/A1CAUY3JDB3LSB
80ZHLZW9,https://www.amazon.com/promocode/ANXZ1CJLEH1B5
15N5Q6LU,https://www.amazon.com/promocode/ALCUD8DQD6RDP
15TFN9BU,https://www.amazon.com/promocode/A8YS9TQJYGHND
702MXO6E,https://www.amazon.com/promocode/AXPWS64USXIUA
50GZF1XV,https://www.amazon.com/promocode/AEHDZSH155S87
15HJJ7QK,https://www.amazon.com/promocode/A37NMFVV4BYSD3
1538FSG7,https://www.amazon.com/promocode/AXZ76DEASI4ZR
801IKZW1,https://www.amazon.com/promocode/A22SJ4YAFGQOQP
70W8UROW,https://www.amazon.com/promocode/A2DD746QVF0574
154B344S,https://www.amazon.com/promocode/A3904DPQLDM2RD
80D4MJ2D,https://www.amazon.com/promocode/ALLJVSOKT8OTY
15F6LWXC,https://www.amazon.com/promocode/AAG0TBYSB0ZU8
60WE1SK4,https://www.amazon.com/promocode/A1CE36US3RJZTJ
70EXHRSL,https://www.amazon.com/promocode/A2GDPJBAI2NSWO
1546HULV,https://www.amazon.com/promocode/AI2M11CLQS3FV
15T8QK9L,https://www.amazon.com/promocode/A31LIF679210EO
159GGCRB,https://www.amazon.com/promocode/A1XQLXBNWDWO7
15TZM3IT,https://www.amazon.com/promocode/AYACL7NTXXGR7
15VVDZHN,https://www.amazon.com/promocode/A3LESDX8LD6BTA
60JBYQKH,https://www.amazon.com/promocode/AJXRUQ9R94U78
50MB2X6O,https://www.amazon.com/promocode/A3PIPJ00LX7CCV
50N78TRY,https://www.amazon.com/promocode/ALPZWVO3GKZJZ
80RZOVLH,https://www.amazon.com/promocode/A1FK65XOCTJGWY
40TW385Q,https://www.amazon.com/promocode/A3HT3PMLZQ8ZNG
15GIAI7J,https://www.amazon.com/promocode/A3LVKD0ZB3A1EI
15N596Y5,https://www.amazon.com/promocode/A34X23LDOUFS25
50YKDPL8,https://www.amazon.com/promocode/A2QL4GCQY7XU33
80AFOEJ6,https://www.amazon.com/promocode/A1DH7IUHZL1F1X
15A9C1OA,https://www.amazon.com/promocode/AG9KAEGWB0S0X
15TN4565,https://www.amazon.com/promocode/A17RK23BQ0L3QN
153BGIO3,https://www.amazon.com/promocode/A3KN0RKHYOH4X7
805ICXJQ,https://www.amazon.com/promocode/A2D9KGNJR9B0XA
15Q6QC6R,https://www.amazon.com/promocode/A3M8N4VNR45J7D
1565N21W,https://www.amazon.com/promocode/A3EGNOP0OOY7A6
604L8IDL,https://www.amazon.com/promocode/A1BDAUF24BWX43
15UX53HI,https://www.amazon.com/promocode/A2HFGLST0N37T7
15KHFC4V,https://www.amazon.com/promocode/ALO36HD4BJAUP
159NFUW5,https://www.amazon.com/promocode/A2YM6W0I55EMA8
15ZDS999,https://www.amazon.com/promocode/A1LS3M15MIMSLJ
159RWZFG,https://www.amazon.com/promocode/A3GWJJUAXVP08E
80OQA7AB,https://www.amazon.com/promocode/A3197T5DS4SUYQ
504LME5Q,https://www.amazon.com/promocode/A1W5M6PKES036B
80J4L31P,https://www.amazon.com/promocode/A3MKXYYAZGCTVP
10EC8POK,https://www.amazon.com/promocode/A2446KBFD1JH65
552TXRLM,https://www.amazon.com/promocode/A34UDLQUIPXTIM
50K6RP2H,https://www.amazon.com/promocode/A2UJFHVA4POVQL
51S2HC78,https://www.amazon.com/promocode/A1I08NADRK149Y
80PSMP6C,https://www.amazon.com/promocode/ATL9IB487ILMF
50NH6J43,https://www.amazon.com/promocode/A2LN1WS081E6OA
50RX585T,https://www.amazon.com/promocode/A275KTQCSO1JFT
50V6HMVT,https://www.amazon.com/promocode/A7EOTHUUU2DAU
506H2ACX,https://www.amazon.com/promocode/A26AG7ICLNPQ0Q
50OFA5B4,https://www.amazon.com/promocode/A3IBA5RUGG22E7
50DK2TA9,https://www.amazon.com/promocode/A2GL0W6UIMAH3A
309TYZY4,https://www.amazon.com/promocode/A165AY2SF78DBZ
80MNIGTP,https://www.amazon.com/promocode/AIYEM2GAW7D9Y
50ZH9UWG,https://www.amazon.com/promocode/AJ18UB4FYI5WU
20Y7OAO4,https://www.amazon.com/promocode/A2QSBT5G90T4C6
50XKYUAF,https://www.amazon.com/promocode/A1A2LS4V4N5JXB
51PI995K,https://www.amazon.com/promocode/A234VWT8HKEIUR
60JTQAKR,https://www.amazon.com/promocode/A1OZUM1OKSDDA0
60FJ4BKQ,https://www.amazon.com/promocode/AN6KOT437JREH
50AQXE21,https://www.amazon.com/promocode/A2VV25NUX7I9Q3
502FMSY2,https://www.amazon.com/promocode/A1731TTURVRZ0C
60QYZ6OI,https://www.amazon.com/promocode/A1VTT378OGZ31T
50IP587F,https://www.amazon.com/promocode/A1XZID85RUPCG4
50IL4OW4,https://www.amazon.com/promocode/A1I1AILG2IKXOH
50J6Q4RX,https://www.amazon.com/promocode/A26G9B92DQU5SL
50D9KGP5,https://www.amazon.com/promocode/A2KKF2FO0CBMPP
40NIRVYS,https://www.amazon.com/promocode/A183QDEFTPCDFB
70OSKPVS,https://www.amazon.com/promocode/A3MTBNCMRWSTQ3
05LDWJ6F,https://www.amazon.com/promocode/AU136C6K4URWC
6056XA4Q,https://www.amazon.com/promocode/A2FG56LETW8B04
50QPQ4MP,https://www.amazon.com/promocode/A1V24BM2AEUJIL
35YFAR9U,https://www.amazon.com/promocode/A2KJWR9T1SY257
35HO94BW,https://www.amazon.com/promocode/A39O1X6H6JN1DF
353EQKZC,https://www.amazon.com/promocode/A38N6E8CSA3MLY
35OFFFNK,https://www.amazon.com/promocode/A2YCXXP6VCD12J
35XR9ER5,https://www.amazon.com/promocode/AA47VKTU7L1PS
605W2FO6,https://www.amazon.com/promocode/A2ARHYRJ20ZTB
40P26GSS,https://www.amazon.com/promocode/A3GJ52QT4DPL2H
40HDMOOU,https://www.amazon.com/promocode/A14JOF0BCNFS0E
5048OQQV,https://www.amazon.com/promocode/A2U4IV3EGC7ZYC
5085QA7E,https://www.amazon.com/promocode/A25X0BTK1HB366
50Y2DB72,https://www.amazon.com/promocode/A21Y267ICNZBZK
408EFQQO,https://www.amazon.com/promocode/A3VN4RXD9DEXGK
55Q5I28E,https://www.amazon.com/promocode/A2PG6DBS9UTTLT
10OFFFCSN,https://www.amazon.com/promocode/A1D1RA06QMR305
60F2JJWL,https://www.amazon.com/promocode/A17DMAZHF90YIE
20DGK520,https://www.amazon.com/promocode/AA390XF9FP8WW
30XBPTQ8,https://www.amazon.com/promocode/A15JMZ7NDXB42R
70VHQ4EW,https://www.amazon.com/promocode/A24H5FUQCMVCDN
708IPIOT,https://www.amazon.com/promocode/A39QLF167FKBZJ
40K33GCP,https://www.amazon.com/promocode/A1AELN51QFICD3
80J7D8NN,https://www.amazon.com/promocode/A30EZ1WHKKQQKT
80OLGY4H,https://www.amazon.com/promocode/A2S5P1ODDCRFR3
80988CPH,https://www.amazon.com/promocode/A1WQPI6U2VQBXL
80KVEWDF,https://www.amazon.com/promocode/AQXOEKGTXX1V9
8035I4RF,https://www.amazon.com/promocode/A31MSQK2WSJQ4C
80UEFW1D,https://www.amazon.com/promocode/A3HN1XSDYOIYGO
803IBG3F,https://www.amazon.com/promocode/A261GUSOVY0HZR
80FYLF29,https://www.amazon.com/promocode/AZTDEAJS4JFB3
15L1G5OF,https://www.amazon.com/promocode/A33Y8QJEZ6U285
50X115WH,https://www.amazon.com/promocode/A3HRI6UAWLZHCJ
50J3UCHU,https://www.amazon.com/promocode/A1UNOWR0OD97G1
80HNQF9S,https://www.amazon.com/promocode/A3G2LGA4GUQ6XX
50RJK8ZN,https://www.amazon.com/promocode/A285Q0PTKJQVKS
80ZIPR1O,https://www.amazon.com/promocode/A20CRPUBQJILRE
806LKSDB,https://www.amazon.com/promocode/A1STCPI50MEJP5
80JKX6TW,https://www.amazon.com/promocode/A26IXA4UY4R80P
80YNE2HC,https://www.amazon.com/promocode/A9HVIMXXGMA5N
80K7YHTD,https://www.amazon.com/promocode/A180ST4FTFWVPD
50ECQDK8,https://www.amazon.com/promocode/A2EJE65V4U1MYG
80M6NQFZ,https://www.amazon.com/promocode/A1Y1PKJZJCB5LS
80P9AUA4,https://www.amazon.com/promocode/A3NL5UB3LCIZ4I
40KWHC41,https://www.amazon.com/promocode/AW7XM3FQVJLQ8
70I916LC,https://www.amazon.com/promocode/A1UXPP41C815UT
50TCZX72,https://www.amazon.com/promocode/A36WNRE94IL7Y1
80OCMVED,https://www.amazon.com/promocode/A3A9DG1UILVA0C
70TRINMV,https://www.amazon.com/promocode/A6EM9M20YYUGV
15N9IN3X,https://www.amazon.com/promocode/A1O6GD0MI2YBGN
70N1DP1E,https://www.amazon.com/promocode/AMEBK06XENLWA
15N4VXOA,https://www.amazon.com/promocode/ABIO17UYP8N4
70P83A25,https://www.amazon.com/promocode/A1DLCWTUKVRRR9
8038HK79,https://www.amazon.com/promocode/ACGU07TTCJRX3
8085DMQX,https://www.amazon.com/promocode/A3NVKEZU2MJHAI
15YFWOKJ,https://www.amazon.com/promocode/A12QJXC5WTAADJ
50HNUR5P,https://www.amazon.com/promocode/A38771SGULKIIX
50QB6VKX,https://www.amazon.com/promocode/A3L501RPTY9UZD
50JVJ6WI,https://www.amazon.com/promocode/A2Y8K99EBTCN02
15UQAGPZ,https://www.amazon.com/promocode/A1WB6726L3NU3I
50VO2NJ6,https://www.amazon.com/promocode/A22CHMKLLHLEW7
20P7FH2A,https://www.amazon.com/promocode/A23LDQMQV7WU8C
50VCIDW2,https://www.amazon.com/promocode/A3PIWA9ATF2NNF
503ZL0KV,https://www.amazon.com/promocode/A3REKOIJ54WE94
80FB3QDY,https://www.amazon.com/promocode/AAF2O96D8DPHA
50T6WHY1,https://www.amazon.com/promocode/A33W9O8D60PLYM
50JRDUMC,https://www.amazon.com/promocode/A3T5OO3EUXNPM7
35JC479Z,https://www.amazon.com/promocode/A1RJ3T1MJN57XG
50L9V37L,https://www.amazon.com/promocode/A7ULUXRM4EKCY
15L4YC49,https://www.amazon.com/promocode/A3S1K5CVOQF3W1
509FO9M3,https://www.amazon.com/promocode/A2FREUM978CZ9S
505ZFLTR,https://www.amazon.com/promocode/A3MQQOKNLHQMDC
5053CXAS,https://www.amazon.com/promocode/A1RMHQYBM1Z12Z
70JC7I1I,https://www.amazon.com/promocode/A36V595G67VE6E
50W66VO5,https://www.amazon.com/promocode/A2E109A98IY1EG
500OA45U,https://www.amazon.com/promocode/A2O6W1NC4UTYY6
50MIP0TU,https://www.amazon.com/promocode/A1VIQLYFM0EIH9
509PJHJO,https://www.amazon.com/promocode/A1064NUS8KW33P
50CFRXFW,https://www.amazon.com/promocode/A13A5FC5KMOPZA
50U4E5S2,https://www.amazon.com/promocode/A1ELGPSAQZ376P
15OFFVIBIO,https://www.amazon.com/promocode/A5HJNU5LLBYUQ
502O3PEQ,https://www.amazon.com/promocode/A1WUHSANU07X60
15HYRJ7Q,https://www.amazon.com/promocode/A3OC2SQNRL4S60
30U8UWRM,https://www.amazon.com/promocode/A16WBZQOAY34FM
50WARTOV,https://www.amazon.com/promocode/A1DXWGHLSG6QPE
154ZYZR2,https://www.amazon.com/promocode/A54ORQMJW436F
501A7MT3,https://www.amazon.com/promocode/A3SD25W9YVZDIC
30NS8ZWV,https://www.amazon.com/promocode/A2AOSI5X0BI291
50ET3TQZ,https://www.amazon.com/promocode/A3VN4Y4IZ1CHMO
5032B28L,https://www.amazon.com/promocode/A82CPIFPAJ3U2
50MK4TVT,https://www.amazon.com/promocode/A2K0KIPOO5ULUD
50RGEFAP,https://www.amazon.com/promocode/A2ASN53K3I5RVP
15Y1OTEK,https://www.amazon.com/promocode/A3FUON7E79LUX7
80OTGSUI,https://www.amazon.com/promocode/A2WRQYQC2N7SIN
20ILFI9H,https://www.amazon.com/promocode/AK1NIZJBO529S
505GJF2G,https://www.amazon.com/promocode/A2DLC73GQV57VJ
306ZV5KA,https://www.amazon.com/promocode/AD5ZB7RSTCT2
50EHMPR5,https://www.amazon.com/promocode/A17NSZPJLHSHRA
806KEDK6,https://www.amazon.com/promocode/A3J6QIEPC5PPHW
504SUINC,https://www.amazon.com/promocode/AXNRH16FX3T88
20I5PCQV,https://www.amazon.com/promocode/AMWJFN5IMZDKS
50WDPW5R,https://www.amazon.com/promocode/A1K2282APWZAHW
807MF3WO,https://www.amazon.com/promocode/A4AF9OYYE9E69
80MFKKXA,https://www.amazon.com/promocode/A2PNA54DWA7V3C
50U1RKNJ,https://www.amazon.com/promocode/A1VM2FXN98LJJJ
50GHFA01,https://www.amazon.com/promocode/A2NC2IT3L2YV7Q
151E4FB7,https://www.amazon.com/promocode/A2KP4N662JXYON
805BU27Y,https://www.amazon.com/promocode/A9YI9VW10EZ8U
80788418,https://www.amazon.com/promocode/A1VG407Z0R4BHE
208VGDCU,https://www.amazon.com/promocode/A3TJ3SKJI8X8J4
50JCXTHP,https://www.amazon.com/promocode/A1OUTD086X66AT
506M3T2S,https://www.amazon.com/promocode/A17F9C2E2I1V5H
507WXV5C,https://www.amazon.com/promocode/A3O7ZNV0KIVP5W
50OTUA55,https://www.amazon.com/promocode/A2H7ZYF4UTM3HN
50OJLQD1,https://www.amazon.com/promocode/A1SIBTRNFKYMGE
508WBI7H,https://www.amazon.com/promocode/AUAHN28LGJN6S
50XVPKKD,https://www.amazon.com/promocode/A1KTAMDBWFPY3T
50AK46CW,https://www.amazon.com/promocode/A2BVIQGVNML9DF
50Y1MMG5,https://www.amazon.com/promocode/AKN6LT5X4JGSO
80YIRBXC,https://www.amazon.com/promocode/A1UFHPA33G5MMA
80U6LWU3,https://www.amazon.com/promocode/AN1MTOEYAUDK9
805VGIPU,https://www.amazon.com/promocode/AQCUVBST8YX8C
80D5SIX8,https://www.amazon.com/promocode/A38DUXPHNR06CU
509NL8T9,https://www.amazon.com/promocode/AF2VST0AB9SR3
15CL9B6O,https://www.amazon.com/promocode/A20WA4IGIVP3R6
25XXP1GH,https://www.amazon.com/promocode/A34H8LKTEO9UM6
50GRS388,https://www.amazon.com/promocode/A366LXF0GQ5X5G
50AEWXG1,https://www.amazon.com/promocode/A5KRHD2IRLWQI
50T3CVLY,https://www.amazon.com/promocode/A2XS5QL49SZ4CA
50WVCSJ8,https://www.amazon.com/promocode/A2SBVBT0J3CGLI
50AYRWBH,https://www.amazon.com/promocode/A66BGX9R77R6V
50UZN9XW,https://www.amazon.com/promocode/A2AEATDPRIDEIT
50AUT61I,https://www.amazon.com/promocode/AUPVRXZMYCIQ3
40DS4W77,https://www.amazon.com/promocode/A1G31GTVX7STQ3
50OENQ3W,https://www.amazon.com/promocode/A15EWWS7YTF8L
50EU7525,https://www.amazon.com/promocode/A1ELWUX70BESB
20RCRZEK,https://www.amazon.com/promocode/A1SUP4GWQC24G7
508EQW23,https://www.amazon.com/promocode/AVZPD7HB2HB4U
50F92QDI,https://www.amazon.com/promocode/A2YN6JAPSWZ5AI
507H6XKF,https://www.amazon.com/promocode/ATOK9WQOCJ8WH
50DQPO40,https://www.amazon.com/promocode/ALOZOOHI52RP
504JU891,https://www.amazon.com/promocode/A2RB7042HVHRF4
50NNG3O3,https://www.amazon.com/promocode/A2PE1GXQ62L9AN
509NTNYL,https://www.amazon.com/promocode/A3CU5IX57N0CW8
50MTOLY3,https://www.amazon.com/promocode/A13BHRTSU3F8XK
50SI4QN0,https://www.amazon.com/promocode/A1SRN3P94NURCX
50USRIJB,https://www.amazon.com/promocode/A1H53WSPFJB2VN
50E2B2JW,https://www.amazon.com/promocode/AOKGK2YRK4C5T
50TWAGBN,https://www.amazon.com/promocode/A12LS8YA0IGTCB
50SPBUF5,https://www.amazon.com/promocode/A2ZS4OTRXA39LR
40JXHI8B,https://www.amazon.com/promocode/A1VZO38OGDY729
409AQ6SK,https://www.amazon.com/promocode/A2RPXNM9LCI4JN
50B74L2C,https://www.amazon.com/promocode/A1N4QCOT7YHPR8
5020867D,https://www.amazon.com/promocode/A3TJO8405XG6S7
50FSX7ZQ,https://www.amazon.com/promocode/AM0NZC5OODRRE
500U7KCO,https://www.amazon.com/promocode/A1BV1SEQDVLD2G
50Y7X5M5,https://www.amazon.com/promocode/A2GWJ16IEYJP7G
50Y8O99B,https://www.amazon.com/promocode/A2DBYOGTBI68ED
15UE6ZD8,https://www.amazon.com/promocode/A25XFLPAF13R0I
50MORZGW,https://www.amazon.com/promocode/AHJP6EM06HNQQ
507ZIZ7W,https://www.amazon.com/promocode/A3JJBPO83UMBZ1
50PO57K3,https://www.amazon.com/promocode/A30SUMC8OAJBNC
50WR2VQB,https://www.amazon.com/promocode/A2UJADJN8TYNLR
50KJW8AL,https://www.amazon.com/promocode/A34LOW4XNPXPX9
50WX1DXQ,https://www.amazon.com/promocode/A34PLEU2131LOM
50GTE0P6,https://www.amazon.com/promocode/ARWQMADDPJ89M
50ALEJJH,https://www.amazon.com/promocode/A2R1LI8XL117WF
50Z8SO98,https://www.amazon.com/promocode/A3UK20742GAN2L
501WMCEO,https://www.amazon.com/promocode/A1JFDS2XY6SB3X
50SHWGUQ,https://www.amazon.com/promocode/A144NK5CNVERCN
55M5LGK3,https://www.amazon.com/promocode/A5YDORDTEHZLF
505ORDU7,https://www.amazon.com/promocode/A2XUB9HJMGBO36
5051APXF,https://www.amazon.com/promocode/A3BJ89WLO6YNG3
10DFQB8W,https://www.amazon.com/promocode/AOR586FYHWYCS
50QU5YDK,https://www.amazon.com/promocode/A3OAS48BA5W5OQ
50WC7CB6,https://www.amazon.com/promocode/A36O532FFEYMFR
50ZVX1MU,https://www.amazon.com/promocode/A2HERPPLVRPZ29
5075O8WT,https://www.amazon.com/promocode/ALWASDFZ0DPTX
50VS3DNL,https://www.amazon.com/promocode/AQWVO8GKXGTPU
50HF3IJ9,https://www.amazon.com/promocode/A1W6AO6BU1Z56G
40WQLUWR,https://www.amazon.com/promocode/A23QS0JYCO1Q8Y
50L46ME3,https://www.amazon.com/promocode/A2OGJLBSC6Q2SI
50EB3789,https://www.amazon.com/promocode/A37PRGDJEEDW59
15S6IB7Z,https://www.amazon.com/promocode/A1I8AC0OJQZ0BC
501TLCKV,https://www.amazon.com/promocode/A1ESKE7BWO6B1
50LQJNEC,https://www.amazon.com/promocode/AH0F2Z6T1JSFW
5096MDLY,https://www.amazon.com/promocode/A1I3H2ZEGIOFLX
50U8BFWK,https://www.amazon.com/promocode/AD30F3VKBV6SV
50OBF7QX,https://www.amazon.com/promocode/A302I5CTJQRUCA
507MDHO6,https://www.amazon.com/promocode/AANSFS0OQ5GWT
50R8A4JH,https://www.amazon.com/promocode/A20ASQRKDSFXZ2
505I6OTA,https://www.amazon.com/promocode/A1GAIWSB4AB7ZP
50YC3ZR2,https://www.amazon.com/promocode/A2154KCHARP4PX
50AIYWRJ,https://www.amazon.com/promocode/A1RK4960C4SO42
50KATMP4,https://www.amazon.com/promocode/A1YPX5OOT0F2IX
503XI2YV,https://www.amazon.com/promocode/A2A5ZD0LL4WOTM
507FT2BV,https://www.amazon.com/promocode/ATF6H4RH04RZU
50HZ15TR,https://www.amazon.com/promocode/A10DI1EBRO40RL
505976EU,https://www.amazon.com/promocode/ALV3ALTI3KT23
50EYJ9S1,https://www.amazon.com/promocode/AN1DT5X7Y90FT
50JFC7Z9,https://www.amazon.com/promocode/A29A4H2ZS1EBM9
500I5BLK,https://www.amazon.com/promocode/A27ZHQQC8HJJ0X
80XC1T3S,https://www.amazon.com/promocode/A3728O4YFKIJQS
80IQVDBT,https://www.amazon.com/promocode/A27ZMP7VKJULV5
80INB8AL,https://www.amazon.com/promocode/A3A82YLIPTAFOG
80IMGEOK,https://www.amazon.com/promocode/A1BV5V8P148GJ6
500FR8JF,https://www.amazon.com/promocode/A22N3SQ1AUPAZ3
80H6AEZL,https://www.amazon.com/promocode/A1K7VQYYH86IWW
80H36R4Q,https://www.amazon.com/promocode/ADY8CL7M5QEU6
80BDH2DE,https://www.amazon.com/promocode/ASENWVY14XALZ
80JAMVWR,https://www.amazon.com/promocode/A2L6EKPMBSYEAR
807Y7FVW,https://www.amazon.com/promocode/A36XH1KTXD7P70
80DJGCU2,https://www.amazon.com/promocode/A1DUDQSR13UZOX
50E6X74Z,https://www.amazon.com/promocode/A3NU1U8T0V3C42
80Q587IR,https://www.amazon.com/promocode/A1VG6K9FZ99BKS
506IMD2E,https://www.amazon.com/promocode/A2K82BQFHK4PA0
50QYICM6,https://www.amazon.com/promocode/ARRWLGS96QOIW
505A3P1X,https://www.amazon.com/promocode/A3BOPVY1VR7NWX
508QN6JQ,https://www.amazon.com/promocode/AG3X6LO9DJD09
501EOSUZ,https://www.amazon.com/promocode/A38HF1KI3SKJXW
50HVNSPG,https://www.amazon.com/promocode/A1V6H803EZD176
15QWAS3T,https://www.amazon.com/promocode/A16KCGMTTNUSI1
50ZH4TCB,https://www.amazon.com/promocode/AEQ2PWNUQGJXN
50YQ64N4,https://www.amazon.com/promocode/A2MR4RGC5IJ04S
502PT934,https://www.amazon.com/promocode/A3N7Z0B6IUELLK
70UE8L8H,https://www.amazon.com/promocode/A7R8YXO8ERYOD
50L3DHSW,https://www.amazon.com/promocode/A3SN78UJTCPOHO
500QNB5I,https://www.amazon.com/promocode/A2290ERMHSF77M
70NKPNEL,https://www.amazon.com/promocode/A3O5J0TAUFGROP
50T0EP0G,https://www.amazon.com/promocode/A3P876CQO4HPWI
20O3X4MN,https://www.amazon.com/promocode/A1P7JXM4NW7BTM
15IYOEOB,https://www.amazon.com/promocode/ANWNLHXH4WSH2
503HB1MD,https://www.amazon.com/promocode/AHCYP5884R2FU
5011SSEN,https://www.amazon.com/promocode/AIF9MZODC5DRQ
50XAF4XW,https://www.amazon.com/promocode/A1V4SD3NXINA0C
50K9GIQZ,https://www.amazon.com/promocode/AQUP33GJZIMRP
40GCKD54,https://www.amazon.com/promocode/A9GK9YXZA6K5F
503BRMA1,https://www.amazon.com/promocode/A3F5Y6ZPOGWAJQ
50W4LLZO,https://www.amazon.com/promocode/A28ZYKWNPR09R3
50NY5W2C,https://www.amazon.com/promocode/A6RDXPP8CRXAE
503Q5LGN,https://www.amazon.com/promocode/A1JFS1UVO3280Q
15G4R4S4,https://www.amazon.com/promocode/AUV9SGFDOZLRC
50Q82RJK,https://www.amazon.com/promocode/A2DGPOTP5TZCN7
80WZ8M22,https://www.amazon.com/promocode/A25MY67KSY3U1B
50BARUU6,https://www.amazon.com/promocode/A3B536G37Z6MH3
50R99UG0,https://www.amazon.com/promocode/AXIEDAK0WRKU6
502BI8OZ,https://www.amazon.com/promocode/A32K4GEG3X4VW4
50L38DMV,https://www.amazon.com/promocode/A2M6FBGSVZQR9K
50SB07SD,https://www.amazon.com/promocode/AO5IG0ZW3Z9ZD
60C6K3XA,https://www.amazon.com/promocode/A16SLKZOL6UG3I
50QYKU5D,https://www.amazon.com/promocode/A1YM46A5WTWGQP
508BYXCV,https://www.amazon.com/promocode/A2U7QBYAZAO340
50YCXZ7V,https://www.amazon.com/promocode/A207LKC68YHI2R
504QDFDY,https://www.amazon.com/promocode/A3UQ4WC7GZEO9X
50GRBNRX,https://www.amazon.com/promocode/A2SGPH0PGTWHQC
50Y7KR8B,https://www.amazon.com/promocode/A1ZIRRMN4GL8O5
55SBE3FW,https://www.amazon.com/promocode/A1BJHHGKOYKJUC
50LZFALW,https://www.amazon.com/promocode/AH1L93F1M3KZ8
1516539T,https://www.amazon.com/promocode/A3399AFWDDQT1D
50Z7YEAG,https://www.amazon.com/promocode/A8BLS0SNJSEKP
50YWW4PL,https://www.amazon.com/promocode/A2GB5UKS4EY8VK
50ZFB5EB,https://www.amazon.com/promocode/A32KUSYZ3A1X7S
50Z52LM7,https://www.amazon.com/promocode/AUNY9MMDJHB6Y
50E269TA,https://www.amazon.com/promocode/A3I68FUITOPL6D
50NKLOLZ,https://www.amazon.com/promocode/APZXX5BT07IOO
68I4N4NY,https://www.amazon.com/promocode/A3SQ012FAO0A87
509762KZ,https://www.amazon.com/promocode/A2VL5BLBMZ6WOE
50QDL5XU,https://www.amazon.com/promocode/A1GP780HE183CE
50W0V1TW,https://www.amazon.com/promocode/A1A6O39PEACH6L
50KN96KN,https://www.amazon.com/promocode/A1Q77YWMIQAA7Q
50OST0M6,https://www.amazon.com/promocode/A2O0L9H97HMVAE
50HM61HL,https://www.amazon.com/promocode/A3IB73RZ3UMZ68
50A29TVQ,https://www.amazon.com/promocode/A1FSA0NEFAMTE6
50F0EV5Y,https://www.amazon.com/promocode/A34X4DRIA7L6VZ
50LW7GE1,https://www.amazon.com/promocode/A8LEMUYWRO0QI
50TIS1X1,https://www.amazon.com/promocode/A2CYIM2426CRIL
503IC9GX,https://www.amazon.com/promocode/A30PN26X156RTJ
15ZIDV3I,https://www.amazon.com/promocode/A1LH7RMVN5LWFM
5039JFMH,https://www.amazon.com/promocode/A3OR6M5PZ32YQT
50DP01BP,https://www.amazon.com/promocode/A2WH1SUSMMGMPE
5083RCOQ,https://www.amazon.com/promocode/A28LZYZG8IUUVI
05XX46XP,https://www.amazon.com/promocode/A3A2WABTTO5UOZ
70HQ89WK,https://www.amazon.com/promocode/A32YNCUS574Y5X
50BXXHGW,https://www.amazon.com/promocode/A2SJNX3KFESZJJ
50CD3Y2L,https://www.amazon.com/promocode/A2J3GQCMRBAJ8F
50EKLJ8K,https://www.amazon.com/promocode/A3TEU63H25ZKS3
50KT49S5,https://www.amazon.com/promocode/A3MV9N7G3YNJ0
50WH6RRY,https://www.amazon.com/promocode/AGVYI1ZVQMVGP
50UUS1TA,https://www.amazon.com/promocode/ATTN1FNUNPZ85
50FZNCXR,https://www.amazon.com/promocode/AQID0420JMR2R
50QL2N8I,https://www.amazon.com/promocode/A14FTOJ180R8XZ
50D9B8UL,https://www.amazon.com/promocode/A2UJ1G8HIGMXO0
70V8IGGY,https://www.amazon.com/promocode/A3M4P6HCRVXXTC
70NEKSR1,https://www.amazon.com/promocode/A3QTGTMV9F9FM3
50NQ8LHH,https://www.amazon.com/promocode/A1FMXVSX6ONL65
403H7D97,https://www.amazon.com/promocode/A2Y41EG19ET63J
65LYVBV9,https://www.amazon.com/promocode/A2AEGL3MCKDHA6
156VE25O,https://www.amazon.com/promocode/A8FEZHS2RB64R
503SPY8T,https://www.amazon.com/promocode/A2YPFNZBH9Y0IS
50ZYMSWV,https://www.amazon.com/promocode/A205W6SIREUBYF
80PV36DP,https://www.amazon.com/promocode/A20GS8XNPFOFQ
50I33258,https://www.amazon.com/promocode/A1EEE9ZTFRNI01
70XYDD5T,https://www.amazon.com/promocode/A1ZTOKA753M3HS
202C5C73,https://www.amazon.com/promocode/ASO3G3P7GTF26
70B9IKV6,https://www.amazon.com/promocode/A25RYIETMSMAP
50I4EIBU,https://www.amazon.com/promocode/A2V0AH3RUWP2U0
500GAJCJ,https://www.amazon.com/promocode/A6N9CMW31PCOU
50KQT3D5,https://www.amazon.com/promocode/A3C7JOKOHZUBOB
50RXF1U9,https://www.amazon.com/promocode/A34485KHR61BFS
15GSFZQE,https://www.amazon.com/promocode/A2OPUI0EIBZ26O
50LD6GIV,https://www.amazon.com/promocode/AIUU31DIZFD02
15GGOP63,https://www.amazon.com/promocode/A3TRMLT9LMITZL
15TT93HE,https://www.amazon.com/promocode/A1A7G3DXN83O4H
15KYOE5I,https://www.amazon.com/promocode/AJMVK6IF9VUVX
50RPDTOT,https://www.amazon.com/promocode/A3OO407C7S1NWE
50GMQOO1,https://www.amazon.com/promocode/A31SZOZZOPABDR
50UO5PIF,https://www.amazon.com/promocode/A1199LWO3MX735
508X39UE,https://www.amazon.com/promocode/A2ODJGWHY5FGJO
50LTEHXS,https://www.amazon.com/promocode/A1MTA7VIUNS11Q
505R2GQD,https://www.amazon.com/promocode/A246JS1SPVBM10
70M8WQPS,https://www.amazon.com/promocode/A2RRVSJ77NZ98R
60W8BHOJ,https://www.amazon.com/promocode/A3GIJQYIPTA8EX
608KCTS3,https://www.amazon.com/promocode/A39LB8F3W50ZLV
726KDNS2,https://www.amazon.com/promocode/A2MDZR4QT143WJ
40PBULB3,https://www.amazon.com/promocode/A9CN17WSKX65E
55MC61NO,https://www.amazon.com/promocode/A3L9HVLYDOK1I3
50BF3R66,https://www.amazon.com/promocode/A1IEVCUHFF9BOR
60U8WCJS,https://www.amazon.com/promocode/A29CUBR55D2AME
50ZD3GHW,https://www.amazon.com/promocode/A2HR4QGTAVWXQ7
445XMFQ3,https://www.amazon.com/promocode/A35T3LDRNP78EJ
402UNCW4,https://www.amazon.com/promocode/A2QCLGESZGRR31
50SL4NFR,https://www.amazon.com/promocode/A3OR1WF6A00M3V
50R65AEJ,https://www.amazon.com/promocode/A17YS9P1G7RSQ2
40W79MC1,https://www.amazon.com/promocode/A367VDQ7XBRZIA
50I7QO68,https://www.amazon.com/promocode/AZ8GH9I0IXTN5
60AMAZONEWRT,https://www.amazon.com/promocode/AOO3UXB64O3IJ
80VR8TU5,https://www.amazon.com/promocode/A373TT4BDYKHS
70AMAZONSSP,https://www.amazon.com/promocode/A8WJGZZESW6WB
80BR8ICT,https://www.amazon.com/promocode/A21SQKT0W8HKFZ
70LSFW6K,https://www.amazon.com/promocode/A9U4P6CKF2NG6
40V9Q6ZA,https://www.amazon.com/promocode/ASKK6HEODWCI6
5059FG38,https://www.amazon.com/promocode/A21LYNB3NIWAQF
50AMAZONAVFD,https://www.amazon.com/promocode/A1IKL30J8PZX1Q
55AMAZONFMFS,https://www.amazon.com/promocode/A3R8GIKUDCJ4PS
55AMAZONMJCL,https://www.amazon.com/promocode/AH5KY87SNUIAI
50REHQ22,https://www.amazon.com/promocode/A36OW8R3DRXM0G
70AMAZONUAWA,https://www.amazon.com/promocode/AQTFD704UMTFG
50YOWBPM,https://www.amazon.com/promocode/A2W3XMQY7TW0X5
50LPHJP7,https://www.amazon.com/promocode/A3AUWU416PTW9E
65AMAZONCDPB,https://www.amazon.com/promocode/A2TD7QR6TPU96Z
717UT4YF,https://www.amazon.com/promocode/A1OHVBVQN6MXIS
7158V9YM,https://www.amazon.com/promocode/A3KRBAN7UIIRHX
807XU31U,https://www.amazon.com/promocode/A5M2LS1CTJ6PJ
80EERN6P,https://www.amazon.com/promocode/A3PG6KI6EPJNZL
505QTRDK,https://www.amazon.com/promocode/A1UJLWUWWVJO2Q
50OV65FZ,https://www.amazon.com/promocode/A31L717FTB2AUH
80W39VOC,https://www.amazon.com/promocode/AT5PNSGYZXOMX
80OAGD4Y,https://www.amazon.com/promocode/AE5MPN8AZ5EJY
80VSV7U3,https://www.amazon.com/promocode/A3CR3J2GEPSZMW
70321P11,https://www.amazon.com/promocode/A15U7XRKVRZ7KM
80JHL65P,https://www.amazon.com/promocode/A1T996WQDLW79P
509QAUX3,https://www.amazon.com/promocode/A3E1S5P25A1GSL
50VNKR4N,https://www.amazon.com/promocode/A2J76QV7ZCE2U8
50W4TYG5,https://www.amazon.com/promocode/A3DCC7V7ETPFA6
60JHSLSY,https://www.amazon.com/promocode/A2CMUBZZW40PGH
606RD7MN,https://www.amazon.com/promocode/A1NSNP7KVRID54
80AGYQXR,https://www.amazon.com/promocode/A2TU54ZU1OPH5P
80QWX3L6,https://www.amazon.com/promocode/A26B795X6KHQ7V
80CPTWQT,https://www.amazon.com/promocode/AHCIP469Q7UBB
305MFBF3,https://www.amazon.com/promocode/A2VCEF23DENQ2U
80XQQXYC,https://www.amazon.com/promocode/A3Q2P16UPUTEIZ
80IMR6DQ,https://www.amazon.com/promocode/A38O3XOQN3KROK
80P6Y61M,https://www.amazon.com/promocode/A3RI4KMY7GK2F4
40996CDB,https://www.amazon.com/promocode/A30QV9Z7IJBHMM
70V37PPH,https://www.amazon.com/promocode/A3NYLBHUZ7L59F
80GPX7JC,https://www.amazon.com/promocode/A19WIDPD9I1UYI
80HVT4E5,https://www.amazon.com/promocode/AOBM6D2OJ3RMF
801AEZDU,https://www.amazon.com/promocode/A2R1CPC1E2LRSX
506OJTEY,https://www.amazon.com/promocode/A38ORPRDWQ1CCG
708CT9BN,https://www.amazon.com/promocode/A1S5Z725YY7XGT
70HZMB8D,https://www.amazon.com/promocode/A12HQXECBS8N0P
702XC5LA,https://www.amazon.com/promocode/A3M4BL3MLWIDHN
70U63RUG,https://www.amazon.com/promocode/ATFAS36W756HX
7092ZSE6,https://www.amazon.com/promocode/A248GA5H1T1QFJ
707EZAX6,https://www.amazon.com/promocode/AAM2QCLO70ZKD
70Z7WMIM,https://www.amazon.com/promocode/A150SCX0HSZIFK
708ER3XK,https://www.amazon.com/promocode/A2H81CXP7K0RHX
70EL7R18,https://www.amazon.com/promocode/A2AXVHTAFS0QI0
70PYX9ZF,https://www.amazon.com/promocode/A1PFDK7VK176S0
505KXYOH,https://www.amazon.com/promocode/A1MMICRNA950L7
705BB9FW,https://www.amazon.com/promocode/A3TM26IYSOAZKF
70RUNNS6,https://www.amazon.com/promocode/AKEKRGTZU79AM
70AMCMRY,https://www.amazon.com/promocode/A3VKGDP2KIV1HI
7086WNJZ,https://www.amazon.com/promocode/A17TNV1JH94XZW
70FDPNBK,https://www.amazon.com/promocode/A2ADRICMUV38C7
70O8DXW1,https://www.amazon.com/promocode/A24FW2P70402GD
70QR6DF3,https://www.amazon.com/promocode/A2W8MAU0IGDZ2G
70RM4JJZ,https://www.amazon.com/promocode/AMDRIO2DLU106
70YM69I9,https://www.amazon.com/promocode/A10D80T0GVWU3C
70OOJNO9,https://www.amazon.com/promocode/A3OCPAJAKM2IN9
70UFLXK5,https://www.amazon.com/promocode/A3PGJ3X4MR2G8U
70YND7S8,https://www.amazon.com/promocode/A1KDPK4RIMRK5N
70CZX14I,https://www.amazon.com/promocode/A24JI7GD01KEU7
70EOZECN,https://www.amazon.com/promocode/A23FL2ORDVMPQX
70PYPJGM,https://www.amazon.com/promocode/A1DJCXM3JEKBMM
70K4JD1D,https://www.amazon.com/promocode/A1M7RL1WN7FM9X
70BDP9KD,https://www.amazon.com/promocode/A34OBURN6UE7F7
70D7J7GZ,https://www.amazon.com/promocode/AB5HU5JIIPW9M
70B1FL61,https://www.amazon.com/promocode/A2X2EL4Q4B24DJ
801JZ2HL,https://www.amazon.com/promocode/A32AWT23VIFR2O
80TTEOLY,https://www.amazon.com/promocode/AVBGZ4N9KT3H8
80LR5OY5,https://www.amazon.com/promocode/A1BHQWIYKV4ZA1
80NUAPSI,https://www.amazon.com/promocode/AGW03107HOTJ8
80I5DD4S,https://www.amazon.com/promocode/A1X8L1HPG4TJFR
80J59HF5,https://www.amazon.com/promocode/A1EEEZQBKRUY7K
805F24BI,https://www.amazon.com/promocode/A16VWUZXVGEGIY
802UUJQ4,https://www.amazon.com/promocode/A3MHFRBU2ZB411
80WZXXPP,https://www.amazon.com/promocode/A2P3Q1S7CZTFUW
80QR58S5,https://www.amazon.com/promocode/A1JKMCJMX2LHNJ
80L6S6TS,https://www.amazon.com/promocode/A20AIYJG24V6BK
80H2XUWN,https://www.amazon.com/promocode/AU9OSFEKNPD0G
80LIVCEA,https://www.amazon.com/promocode/ATXZE1NGZPWF5
80558XQ7,https://www.amazon.com/promocode/A2S82C86YH24HZ
806YMJHP,https://www.amazon.com/promocode/A17J705UNKJCMU
80WEGSYY,https://www.amazon.com/promocode/A3VU3CYT9OJOLB
80ZDWEM2,https://www.amazon.com/promocode/A3BAKWGCW9Q8RX
80453AOH,https://www.amazon.com/promocode/A17TYAL0NOX4JS
80CUWHXS,https://www.amazon.com/promocode/A2V6E7EUPQUBSJ
80Y7S38B,https://www.amazon.com/promocode/AV29J8FMTNV4B
80EHIVAU,https://www.amazon.com/promocode/A1YC7SMLLJZNYH
80E6LFFL,https://www.amazon.com/promocode/A3LYFYSILX4QUE
809CYGAG,https://www.amazon.com/promocode/A3T2HM06T4O0NS
80CS3FP6,https://www.amazon.com/promocode/A2M1PEZFW9NZ3P
80NMW8YN,https://www.amazon.com/promocode/A25V6CRBX3FHVM
70RVI68Y,https://www.amazon.com/promocode/A13P9DY8DKFC73
602J36WU,https://www.amazon.com/promocode/A27AMUT4MYBGV8
70OWLTDC,https://www.amazon.com/promocode/ABIHYEIQFE8IY
70AYPTQR,https://www.amazon.com/promocode/A17IIA8L262SNP
801AKJM3,https://www.amazon.com/promocode/A38ODPF1LKNC9C
702PU9PH,https://www.amazon.com/promocode/A29CGC9Z2Y7IPG
70JKUYUH,https://www.amazon.com/promocode/A2ZM7EGRHBAUQA
70N2JTSM,https://www.amazon.com/promocode/A2LTO2NSG405A9
70ZFLVAY,https://www.amazon.com/promocode/A20KOI7C7UEHG1
58W64NM5,https://www.amazon.com/promocode/A3QC0L0VY9D7DJ
80TW7EQV,https://www.amazon.com/promocode/A10XDPPX1WNNU8
80QJHRLO,https://www.amazon.com/promocode/A1FXKULU9FSOE0
804EAEA6,https://www.amazon.com/promocode/AL17CKB3C1S1A
80B57O33,https://www.amazon.com/promocode/A2K5VRNUN11NFL
80NWMV88,https://www.amazon.com/promocode/A1MDN750XCH76N
551DOT21,https://www.amazon.com/promocode/A1J0FEM120BF5M
50O6TVLA,https://www.amazon.com/promocode/AUAZ1RPDILMVK
805MYM7A,https://www.amazon.com/promocode/A2P2QQO84HV96E
50JPS11D,https://www.amazon.com/promocode/A28KLW7TQCT1WZ
80D3ATDB,https://www.amazon.com/promocode/A2TWOVN2SOS579
80CGK7W2,https://www.amazon.com/promocode/A3BNMSAW0GIBE2
80CG53H9,https://www.amazon.com/promocode/A3OVC9GB6709QT
8084QH76,https://www.amazon.com/promocode/A1OA9I1OMR5KKO
80TI5J3K,https://www.amazon.com/promocode/A19954ZRWFSLP9
303B518A,https://www.amazon.com/promocode/A1NKVZ7W44UVVO
80OOLEMY,https://www.amazon.com/promocode/A1652511YAZD0W
80BYOREW,https://www.amazon.com/promocode/A3OL61EDBHPFXX
55WLB1R8,https://www.amazon.com/promocode/AOEVVGL99GV3K
55LEVF4A,https://www.amazon.com/promocode/A3CAS9QJ5UO4IP
80RBLSY9,https://www.amazon.com/promocode/A2FDBPBSAJQOJB
5055I5PA,https://www.amazon.com/promocode/A2D1OXM8O4IO5F
501G6CWV,https://www.amazon.com/promocode/A2AXSS0YKLKJK8
55NQNXNW,https://www.amazon.com/promocode/AAWSGY9LOJQOV
80IVC1AI,https://www.amazon.com/promocode/AJZFXBPMZ2PZ4
75YNEFXI,https://www.amazon.com/promocode/A1H61IINUF1TI0
80RFQMEC,https://www.amazon.com/promocode/A3SFZDM6C7BBEE
55OGOB8M,https://www.amazon.com/promocode/AM30UAH8YSGXV
80Q1VL3P,https://www.amazon.com/promocode/A255GVATTHUR40
807DE7YB,https://www.amazon.com/promocode/A3OVEZ4L6HJ8SV
45PUZ7QV,https://www.amazon.com/promocode/A2JWAV1KWMT6A7
45YMA2EY,https://www.amazon.com/promocode/A1GCFLU5WX56AT
50KBJKGD,https://www.amazon.com/promocode/A3HV2GU4VACOUU
75B3WNVE,https://www.amazon.com/promocode/A32IZXIJJHFNTK
40L4PT4O,https://www.amazon.com/promocode/AUR4TOINGSKZD
804PBV4T,https://www.amazon.com/promocode/A2RWHRZEWXLLKG
40TMHH7Q,https://www.amazon.com/promocode/A1Q6PCH68BKLZA
80G9R7BU,https://www.amazon.com/promocode/A1IWY6H1PBYYWX
702831S8,https://www.amazon.com/promocode/AM8Z3J76VCHY2
80ZFJ2IJ,https://www.amazon.com/promocode/ACSFMW2VH7VXK
50RNNK3M,https://www.amazon.com/promocode/A1F3TBE3Q6JTRS
60KXEQNN,https://www.amazon.com/promocode/A2DWPPN5XRT78T
60H7E25X,https://www.amazon.com/promocode/A3NFHGHMBGIFTN
70DK5OHW,https://www.amazon.com/promocode/A2UBRQ6IA5K1ZS
70MDPWCD,https://www.amazon.com/promocode/A5DY7463XC21E
50GXX765,https://www.amazon.com/promocode/A1DOKQHGKG9ATC
50YLTKVD,https://www.amazon.com/promocode/A1TQ1X2NVK852F
35VG6DBS,https://www.amazon.com/promocode/A11IMWRP9R06RB
80XLGE9B,https://www.amazon.com/promocode/A2QS9YYMONPMHE
40NPK7ZB,https://www.amazon.com/promocode/A1Y3B7CL50TJEG
504NE5SY,https://www.amazon.com/promocode/A2OV4AAX0ILV13
80JHAQV1,https://www.amazon.com/promocode/AMJV1DZZGF5XD
50AFL72B,https://www.amazon.com/promocode/A3EEQDS4XASRCI
382CSEPB,https://www.amazon.com/promocode/A3GJW9QG3ECYVM
80UP98Y4,https://www.amazon.com/promocode/ABYHL3KNIAPX6
304GL8NQ,https://www.amazon.com/promocode/A3BNTEB5FTY5JI
40QGORYF,https://www.amazon.com/promocode/A3JZZ6UKXT8PFG
80ARZ3IN,https://www.amazon.com/promocode/A23HM18NNM8RML
15A4Q4MJ,https://www.amazon.com/promocode/A3BP92EJEE16O9
35EHIDB6,https://www.amazon.com/promocode/A123KZHBL93PXV
50384S5Z,https://www.amazon.com/promocode/A106EDJLOXVX7V
80SUXAQB,https://www.amazon.com/promocode/A37X8M9AZOIQ0I
50TDR7N6,https://www.amazon.com/promocode/A1VHZTGW9WS8QW
45AQ9F1T,https://www.amazon.com/promocode/A2WT5FR5C1JI99
40RSBYNU,https://www.amazon.com/promocode/A2SQTM2LOAZCNX
30W1SZS9,https://www.amazon.com/promocode/A33H5DIQ18Z0J4
30LWRH65,https://www.amazon.com/promocode/A1YW13XG78CM58
45ZVW53C,https://www.amazon.com/promocode/A3UUYXKTSABUJR
50T3IGIX,https://www.amazon.com/promocode/A34QP72448A3GB
80JKNZ6Q,https://www.amazon.com/promocode/A32UDGGCBVNOH8
8063W8ZJ,https://www.amazon.com/promocode/A1332FQHJS1FZS
80LJMMQO,https://www.amazon.com/promocode/AW5BWGU9UKOAC
50D1BHPT,https://www.amazon.com/promocode/A3TD61AUC7XXTS
75RUDA4X,https://www.amazon.com/promocode/A3M9FUW8HAL5YK
40Y7CJSN,https://www.amazon.com/promocode/A1NWNB48IXZJHU
30BZYAO3,https://www.amazon.com/promocode/AIMGOINB0TFJF
80BUUX9D,https://www.amazon.com/promocode/A2HFIQK25VC03J
803W1N6A,https://www.amazon.com/promocode/AIYT02CP362JS
75NGWNNI,https://www.amazon.com/promocode/A3A8PR8N7HUQK2
75C4ESCG,https://www.amazon.com/promocode/AO2E6ZPZJO6U1
60A5R83Y,https://www.amazon.com/promocode/A1MNJPKYKHO8WF
75JYOV9O,https://www.amazon.com/promocode/A22T6AOO08WHQC
80BRQWMU,https://www.amazon.com/promocode/A15AZ38ZI7E1FP
60HABUUR,https://www.amazon.com/promocode/A1L74791GX2Y0Q
60F1WDPM,https://www.amazon.com/promocode/A2VHY6A3RQPZE5
60JITU64,https://www.amazon.com/promocode/A32XE7O9S8NWT
51ZFC5UY,https://www.amazon.com/promocode/A3JX1HF8FJA9WZ
5014TYH5,https://www.amazon.com/promocode/AK379CL6HQYO5
305RVML5,https://www.amazon.com/promocode/A2DMQU0PZIZU12
40KPY96I,https://www.amazon.com/promocode/A2N7P2QDX0Y7HA
40KQG777,https://www.amazon.com/promocode/A32EI83QEQYSD2
40HXK8CR,https://www.amazon.com/promocode/A1OC5KK4J7AV4A
40XCFFM7,https://www.amazon.com/promocode/A23IWVI2XBQ1LN
40QIS3NN,https://www.amazon.com/promocode/A1V8POMEPLOAQC
354K3YUI,https://www.amazon.com/promocode/A1DXFSDUFWOKHK
80WFYR84,https://www.amazon.com/promocode/A2C8NOJZFR807H
60TT22KN,https://www.amazon.com/promocode/A5HGFD0TTQICK
25JQLFIB,https://www.amazon.com/promocode/A1WE976ABYRGRK
40FHWK56,https://www.amazon.com/promocode/A2H9UTW1PYWH1V
80UE6G86,https://www.amazon.com/promocode/A17E16ATW6TG6N
50RM2KBJ,https://www.amazon.com/promocode/AOEYPPCQVIMHP
80C4P9WN,https://www.amazon.com/promocode/A16P2QZEIVQR7D
57QFUC2O,https://www.amazon.com/promocode/A21VW48MZWC69R
55ZR4E14,https://www.amazon.com/promocode/A16S4OCS1FI8ZN
50F3NAXS,https://www.amazon.com/promocode/AZ2LZU7VLQWJW
45SCEVAS,https://www.amazon.com/promocode/A2MXM8SN8E1BY8
50F75XAY,https://www.amazon.com/promocode/A29JV8124GN6V
7085JDEA,https://www.amazon.com/promocode/A2ABKXCK483X2U
50AXET89,https://www.amazon.com/promocode/A2IDIIF5F3CRG6
801NMUOV,https://www.amazon.com/promocode/A3DUDQ7UV5G7RG
802NLD5P,https://www.amazon.com/promocode/A3AHPKYDN0I2FQ
70SF113I,https://www.amazon.com/promocode/A3LTLT1YB6VHNH
55EOKZM3,https://www.amazon.com/promocode/A1MARIPOPFRKOH
55WZP9BF,https://www.amazon.com/promocode/A3HXRH2C2EIKHN
80QKWN5X,https://www.amazon.com/promocode/A11T4O7TM9DWYO
80EI53OD,https://www.amazon.com/promocode/A1SWFV4V03X9N8
602MMLWY,https://www.amazon.com/promocode/A3OZXQAS4OOZ1L
75DH84C8,https://www.amazon.com/promocode/A2B3YR8T2VSPYQ
7032PFGY,https://www.amazon.com/promocode/A3LOGBDRJ7SGW6
5076HDW8,https://www.amazon.com/promocode/A1OB1AGKTT5S9H
4028179Y,https://www.amazon.com/promocode/ANAYHHANQ3TWZ
40SD5YZF,https://www.amazon.com/promocode/A23KQBFEXLAD4H
40FIKZZG,https://www.amazon.com/promocode/A1LOUSOG46Z3OE
50AXAI4E,https://www.amazon.com/promocode/A2KZVJT038O2KW
50YJFH9T,https://www.amazon.com/promocode/A2PKURPQN0OQXA
50NU787U,https://www.amazon.com/promocode/A25520RQGG7N0B
80EYCJ8J,https://www.amazon.com/promocode/AWQ6VB8N4GQRY
501MYC6B,https://www.amazon.com/promocode/AH04QVGXE01HS
50A78TSY,https://www.amazon.com/promocode/A3EZFCZ4SABNR3
80C7633Z,https://www.amazon.com/promocode/A1KJP8I2AVF54O
80OFCVIW,https://www.amazon.com/promocode/A1C7NBVSKC2U8F
805BQ2CZ,https://www.amazon.com/promocode/A2WCJO0GMK74L1
804HESMJ,https://www.amazon.com/promocode/A1PS5WDCPF90CG
75Y91EC5,https://www.amazon.com/promocode/A1A5L0I5PAH0UX
80IERI6R,https://www.amazon.com/promocode/A270ESK386COWD
80776F9W,https://www.amazon.com/promocode/A38MBCSAW8KOOY
50T3FNCW,https://www.amazon.com/promocode/ARF80VRUGVZIP
80FTQZON,https://www.amazon.com/promocode/A25YMX16L7JQ6V
604S1YNK,https://www.amazon.com/promocode/A2AH0RUNSGHYDO
50VNA7ML,https://www.amazon.com/promocode/A1K9BXCW7N0H
80IH2UDZ,https://www.amazon.com/promocode/A1O65MI8D1E5RP
80OAI5UX,https://www.amazon.com/promocode/A13SNNLK9WWI3
80VHPM4O,https://www.amazon.com/promocode/A2MOJHA6PK09MY
80E81EEH,https://www.amazon.com/promocode/AK5HOSZQEY02M
80W5544X,https://www.amazon.com/promocode/A38ZFNV43S5XY5
40X72TK6,https://www.amazon.com/promocode/ASWZ4TZUB1ZU6
40RW45FO,https://www.amazon.com/promocode/ATRQSSR0LNY4Z
50HEQEVK,https://www.amazon.com/promocode/A6UIR9G2EZCH
40EXQ4NR,https://www.amazon.com/promocode/A3DEW7Z9TPJI3D
40NLHQ8G,https://www.amazon.com/promocode/A1R5LO9A0K117M
80PCO65S,https://www.amazon.com/promocode/A38UNFJZS0MLF0
60XUBZ7M,https://www.amazon.com/promocode/A2KO2TMHR30IFA
60SRFRWN,https://www.amazon.com/promocode/A1HCVKDIOCQJS1
60BX5FMW,https://www.amazon.com/promocode/A4P7VN7U2T2IY
70KK2DIT,https://www.amazon.com/promocode/A24R4TL3HJJKH9
60IYUE5W,https://www.amazon.com/promocode/A2X0RHLQVBD2SR
60WBNP9B,https://www.amazon.com/promocode/A18F7HQXE9QW03
65XYR8DB,https://www.amazon.com/promocode/A3T51JJWBWPRBD
60JZ251U,https://www.amazon.com/promocode/A22IC6ZR9Q0V5X
65WC37I7,https://www.amazon.com/promocode/A320LJSDVMEU21
302GG8WA,https://www.amazon.com/promocode/AMZ19POQOXLYL
30L8SWLJ,https://www.amazon.com/promocode/A2D5MZU97GAKIS
30GA9OSP,https://www.amazon.com/promocode/A2Y5WL050GYR80
30W6AZKF,https://www.amazon.com/promocode/A4IGZOUKEFDXQ
